filename,model_target,downstream_task,perturbation_technique,codemix_lang,perturb_ratio,before_attack_acc,after_attack_acc,delta_acc,avg_semantic_sim,avg_running_time(s)
indobert-emotion-codemixing-en-adv-0.2-train.csv,indobert,emotion,codemixing,en,0.2,0.9733030389094008,0.7810281170122124,0.19227492189718842,0.9064372989606432,0.5558154217551832
indobert-emotion-codemixing-en-adv-0.4-train.csv,indobert,emotion,codemixing,en,0.4,0.9733030389094008,0.7222380005680205,0.2510650383413804,0.8529792062936097,0.7356468900880432
indobert-emotion-codemixing-en-adv-0.6-train.csv,indobert,emotion,codemixing,en,0.6,0.9733030389094008,0.6918489065606361,0.2814541323487647,0.7936181452160226,0.8341195967054814
indobert-emotion-codemixing-en-adv-0.8-train.csv,indobert,emotion,codemixing,en,0.8,0.9733030389094008,0.6461232604373758,0.32717977847202506,0.6964043942691419,4.074701334848054
indobert-emotion-codemixing-fr-adv-0.2-train.csv,indobert,emotion,codemixing,fr,0.2,0.9733030389094008,0.742402726498154,0.23090031241124687,0.9111681259540088,0.7149729622266401
indobert-emotion-codemixing-fr-adv-0.4-train.csv,indobert,emotion,codemixing,fr,0.4,0.9733030389094008,0.6589037205339392,0.31439931837546164,0.8642748490132516,0.9962770803748936
indobert-emotion-codemixing-fr-adv-0.6-train.csv,indobert,emotion,codemixing,fr,0.6,0.9733030389094008,0.6151661459812553,0.35813689292814554,0.8129367430765024,1.1493825617722238
indobert-emotion-codemixing-fr-adv-0.8-train.csv,indobert,emotion,codemixing,fr,0.8,0.9733030389094008,0.5859130928713434,0.38738994603805743,0.7603216225498781,1.5769155637602954
indobert-emotion-sr-adv-0.2-train.csv,indobert,emotion,sr,id,0.2,0.9733030389094008,0.7921045157625675,0.18119852314683338,0.9353996134026928,0.2272437943765975
indobert-emotion-sr-adv-0.4-train.csv,indobert,emotion,sr,id,0.4,0.9733030389094008,0.760863391082079,0.21243964782732183,0.92251002155001,0.3555480261289406
indobert-emotion-sr-adv-0.6-train.csv,indobert,emotion,sr,id,0.6,0.9733030389094008,0.7188298778756035,0.25447316103379736,0.911203680928713,0.4121729622266402
indobert-emotion-sr-adv-0.8-train.csv,indobert,emotion,sr,id,0.8,0.9733030389094008,0.7222380005680205,0.2510650383413804,0.9004894113869059,0.270162681056518
indobert-emotion-codemixing-it-adv-0.2-train.csv,indobert,emotion,codemixing,it,0.2,0.9733030389094008,0.7145697245100824,0.25873331439931846,0.912487428695666,0.7266766543595569
indobert-emotion-codemixing-it-adv-0.4-train.csv,indobert,emotion,codemixing,it,0.4,0.9733030389094008,0.6279466060778188,0.345356432831582,0.8703681861421527,1.0734573700653225
indobert-emotion-codemixing-it-adv-0.6-train.csv,indobert,emotion,codemixing,it,0.6,0.9733030389094008,0.5839250213007668,0.389378017608634,0.82645684443848,1.235242005112184
indobert-emotion-codemixing-it-adv-0.8-train.csv,indobert,emotion,codemixing,it,0.8,0.9733030389094008,0.5666003976143141,0.4067026412950867,0.7842647745735569,1.4563106787844364
indobert-emotion-codemixing-jw-adv-0.2-train.csv,indobert,emotion,codemixing,jw,0.2,0.9733030389094008,0.7605793808577109,0.2127236580516899,0.924073631436403,0.8253755467196818
indobert-emotion-codemixing-jw-adv-0.4-train.csv,indobert,emotion,codemixing,jw,0.4,0.9733030389094008,0.6856006816245385,0.2877023572848624,0.8969489876408362,1.0756814825333711
indobert-emotion-codemixing-jw-adv-0.6-train.csv,indobert,emotion,codemixing,jw,0.6,0.9733030389094008,0.6472593013348481,0.32604373757455274,0.870239903179633,1.3517652655495598
indobert-emotion-codemixing-jw-adv-0.8-train.csv,indobert,emotion,codemixing,jw,0.8,0.9733030389094008,0.5768247656915649,0.3964782732178359,0.8270561812063046,5.682988383981823
indobert-emotion-codemixing-ms-adv-0.2-train.csv,indobert,emotion,codemixing,ms,0.2,0.9733030389094008,0.8136892928145413,0.15961374609485957,0.9310310570900328,0.6213359840954275
indobert-emotion-codemixing-ms-adv-0.4-train.csv,indobert,emotion,codemixing,ms,0.4,0.9733030389094008,0.7821641579096847,0.1911388809997161,0.913542084891039,0.8675295370633342
indobert-emotion-codemixing-ms-adv-0.6-train.csv,indobert,emotion,codemixing,ms,0.6,0.9733030389094008,0.7594433399602386,0.21385969894916224,0.8972833159061462,1.0398231184322635
indobert-emotion-codemixing-ms-adv-0.8-train.csv,indobert,emotion,codemixing,ms,0.8,0.9733030389094008,0.7370065322351604,0.2362965066742404,0.8833658373646186,1.0984378301618858
indobert-emotion-codemixing-su-adv-0.2-train.csv,indobert,emotion,codemixing,su,0.2,0.9733030389094008,0.757455268389662,0.2158477705197388,0.9241360355865816,0.6561171542175519
indobert-emotion-codemixing-su-adv-0.4-train.csv,indobert,emotion,codemixing,su,0.4,0.9733030389094008,0.6853166714001704,0.28798636750923046,0.8966697442433401,0.898432377165578
indobert-emotion-codemixing-su-adv-0.6-train.csv,indobert,emotion,codemixing,su,0.6,0.9733030389094008,0.6418631070718546,0.3314399318375463,0.8690259698286411,1.0878956546435672
indobert-emotion-codemixing-su-adv-0.8-train.csv,indobert,emotion,codemixing,su,0.8,0.9733030389094008,0.6174382277761999,0.3558648111332009,0.8416280290474272,1.0790283442203918
indobert-sentiment-codemixing-en-adv-0.2-train.csv,indobert,sentiment,codemixing,en,0.2,0.9911818181818182,0.949,0.04218181818181821,0.9283465411082248,0.5862072454545455
indobert-sentiment-codemixing-en-adv-0.4-train.csv,indobert,sentiment,codemixing,en,0.4,0.9911818181818182,0.9204545454545454,0.07072727272727275,0.8628594685808163,0.6800426818181818
indobert-sentiment-codemixing-en-adv-0.6-train.csv,indobert,sentiment,codemixing,en,0.6,0.9911818181818182,0.9027272727272728,0.08845454545454534,0.7992634137518365,0.8025761909090908
indobert-sentiment-codemixing-en-adv-0.8-train.csv,indobert,sentiment,codemixing,en,0.8,0.9911818181818182,0.8915454545454545,0.09963636363636363,0.7392634649833834,0.9528467090909092
indobert-sentiment-codemixing-fr-adv-0.2-train.csv,indobert,sentiment,codemixing,fr,0.2,0.9911818181818182,0.9438181818181818,0.047363636363636386,0.9522940972272984,0.6559489
indobert-sentiment-codemixing-fr-adv-0.4-train.csv,indobert,sentiment,codemixing,fr,0.4,0.9911818181818182,0.9105454545454544,0.08063636363636373,0.9116208509357476,0.8335266090909091
indobert-sentiment-codemixing-fr-adv-0.6-train.csv,indobert,sentiment,codemixing,fr,0.6,0.9911818181818182,0.966,0.025181818181818194,0.958342890483412,0.5809325090909091
indobert-sentiment-codemixing-fr-adv-0.8-train.csv,indobert,sentiment,codemixing,fr,0.8,0.9911818181818182,0.9629090909090908,0.028272727272727338,0.9447895374352282,0.5423243272727273
indobert-sentiment-sr-adv-0.2-train.csv,indobert,sentiment,sr,id,0.2,0.9911818181818182,0.9596363636363636,0.03154545454545454,0.9790262279293754,0.4548746454545455
indobert-sentiment-sr-adv-0.4-train.csv,indobert,sentiment,sr,id,0.4,0.9911818181818182,0.9336363636363636,0.057545454545454566,0.961909332072193,0.2943830454545454
indobert-sentiment-sr-adv-0.6-train.csv,indobert,sentiment,sr,id,0.6,0.9911818181818182,0.9306363636363636,0.06054545454545457,0.9444745022966105,0.5731746090909091
indobert-sentiment-sr-adv-0.8-train.csv,indobert,sentiment,sr,id,0.8,0.9911818181818182,0.9227272727272728,0.06845454545454532,0.9234857096211476,0.2351765818181818
indobert-sentiment-codemixing-it-adv-0.2-train.csv,indobert,sentiment,codemixing,it,0.2,0.9911818181818182,0.9305454545454546,0.0606363636363636,0.960415555574,0.7857406636363636
indobert-sentiment-codemixing-it-adv-0.4-train.csv,indobert,sentiment,codemixing,it,0.4,0.9911818181818182,0.8828181818181818,0.10836363636363633,0.9278150891167196,0.9150518636363638
indobert-sentiment-codemixing-it-adv-0.6-train.csv,indobert,sentiment,codemixing,it,0.6,0.9911818181818182,0.9497272727272728,0.04145454545454541,0.9563874111446468,0.5405822181818182
indobert-sentiment-codemixing-it-adv-0.8-train.csv,indobert,sentiment,codemixing,it,0.8,0.9911818181818182,0.948,0.04318181818181821,0.9417560424723408,0.4874056909090909
indobert-sentiment-codemixing-jw-adv-0.2-train.csv,indobert,sentiment,codemixing,jw,0.2,0.9911818181818182,0.9563636363636364,0.03481818181818175,0.9602941004112364,0.7592191727272728
indobert-sentiment-codemixing-jw-adv-0.4-train.csv,indobert,sentiment,codemixing,jw,0.4,0.9911818181818182,0.939,0.05218181818181822,0.9296578746241602,1.0106051818181818
indobert-sentiment-codemixing-jw-adv-0.6-train.csv,indobert,sentiment,codemixing,jw,0.6,0.9911818181818182,0.9267272727272728,0.06445454545454532,0.904625252701342,1.0684018545454546
indobert-sentiment-codemixing-jw-adv-0.8-train.csv,indobert,sentiment,codemixing,jw,0.8,0.9911818181818182,0.9175454545454546,0.07363636363636361,0.8823938510438258,1.4367997636363636
indobert-sentiment-codemixing-ms-adv-0.2-train.csv,indobert,sentiment,codemixing,ms,0.2,0.9911818181818182,0.9668181818181818,0.024363636363636365,0.9747948587279428,0.7209028090909091
indobert-sentiment-codemixing-ms-adv-0.4-train.csv,indobert,sentiment,codemixing,ms,0.4,0.9911818181818182,0.9522727272727272,0.038909090909091004,0.957014404785904,0.7432392909090908
indobert-sentiment-codemixing-ms-adv-0.6-train.csv,indobert,sentiment,codemixing,ms,0.6,0.9911818181818182,0.943,0.048181818181818215,0.9415395308285952,0.9110134181818182
indobert-sentiment-codemixing-ms-adv-0.8-train.csv,indobert,sentiment,codemixing,ms,0.8,0.9911818181818182,0.9373636363636364,0.053818181818181765,0.927712163455107,1.2572764363636366
indobert-sentiment-codemixing-su-adv-0.2-train.csv,indobert,sentiment,codemixing,su,0.2,0.9911818181818182,0.9527272727272728,0.03845454545454541,0.969774344723333,0.7246435363636364
indobert-sentiment-codemixing-su-adv-0.4-train.csv,indobert,sentiment,codemixing,su,0.4,0.9911818181818182,0.9337272727272729,0.057454545454545314,0.9472365512712436,0.7013064181818182
indobert-sentiment-codemixing-su-adv-0.6-train.csv,indobert,sentiment,codemixing,su,0.6,0.9911818181818182,0.9192727272727272,0.07190909090909092,0.9234536150463604,0.8226659636363637
indobert-sentiment-codemixing-su-adv-0.8-train.csv,indobert,sentiment,codemixing,su,0.8,0.9911818181818182,0.9120909090909092,0.07909090909090899,0.9001980661655015,1.0159240272727272
indobertlarge-emotion-codemixing-en-adv-0.2-train.csv,indobertlarge,emotion,codemixing,en,0.2,0.9829593865379154,0.8202215279750071,0.16273785856290823,0.9049243823548704,0.7859206475433116
indobertlarge-emotion-codemixing-en-adv-0.4-train.csv,indobertlarge,emotion,codemixing,en,0.4,0.9829593865379154,0.7679636466912809,0.21499573984663445,0.8501220231823405,1.02265967054814
indobertlarge-emotion-codemixing-en-adv-0.6-train.csv,indobertlarge,emotion,codemixing,en,0.6,0.9829593865379154,0.7412666856006817,0.24169270093723372,0.7908818357029241,1.1535261289406418
indobertlarge-emotion-codemixing-en-adv-0.8-train.csv,indobertlarge,emotion,codemixing,en,0.8,0.9829593865379154,0.7299062766259585,0.25305310991195684,0.7281517392393118,1.2061840386253906
indobertlarge-emotion-codemixing-fr-adv-0.2-train.csv,indobertlarge,emotion,codemixing,fr,0.2,0.9829593865379154,0.7827321783584209,0.20022720817949446,0.9084012316467408,0.8889393070150525
indobertlarge-emotion-codemixing-fr-adv-0.4-train.csv,indobertlarge,emotion,codemixing,fr,0.4,0.9829593865379154,0.7103095711445612,0.2726498153933542,0.8606358037029468,1.2410542459528544
indobertlarge-emotion-codemixing-fr-adv-0.6-train.csv,indobertlarge,emotion,codemixing,fr,0.6,0.9829593865379154,0.6645839250213008,0.31837546151661456,0.8102234484005197,1.5068536211303607
indobertlarge-emotion-codemixing-fr-adv-0.8-train.csv,indobertlarge,emotion,codemixing,fr,0.8,0.9829593865379154,0.6455552399886396,0.33740414654927575,0.7559589236679528,1.675082192558932
indobertlarge-emotion-sr-adv-0.2-train.csv,indobertlarge,emotion,sr,id,0.2,0.9829593865379154,0.8429423459244533,0.1400170406134621,0.9348320526617624,0.3751705197387107
indobertlarge-emotion-sr-adv-0.4-train.csv,indobertlarge,emotion,sr,id,0.4,0.9829593865379154,0.8063050269809713,0.17665435955694408,0.9223351065059916,1.0207579096847486
indobertlarge-emotion-sr-adv-0.6-train.csv,indobertlarge,emotion,sr,id,0.6,0.9829593865379154,0.7841522294802613,0.19880715705765406,0.9094170448273734,0.596369639307015
indobertlarge-emotion-sr-adv-0.8-train.csv,indobertlarge,emotion,sr,id,0.8,0.9829593865379154,0.7821641579096847,0.20079522862823063,0.8994777304430097,0.6138575120704345
indobertlarge-emotion-codemixing-it-adv-0.2-train.csv,indobertlarge,emotion,codemixing,it,0.2,0.9829593865379154,0.7551831865947174,0.22777619994319798,0.9101483706883224,0.9978896904288552
indobertlarge-emotion-codemixing-it-adv-0.4-train.csv,indobertlarge,emotion,codemixing,it,0.4,0.9829593865379154,0.6819085487077535,0.30105083783016184,0.8661229873340057,1.6074829309855154
indobertlarge-emotion-codemixing-it-adv-0.6-train.csv,indobertlarge,emotion,codemixing,it,0.6,0.9829593865379154,0.6370349332575973,0.34592445328031807,0.8227298333944668,1.5273879295654642
indobertlarge-emotion-codemixing-it-adv-0.8-train.csv,indobertlarge,emotion,codemixing,it,0.8,0.9829593865379154,0.606645839250213,0.3763135472877024,0.7801277969488533,1.72630326611758
indobertlarge-emotion-codemixing-jw-adv-0.2-train.csv,indobertlarge,emotion,codemixing,jw,0.2,0.9829593865379154,0.8023288838398183,0.1806305026980971,0.9224002301836852,0.9929817665435956
indobertlarge-emotion-codemixing-jw-adv-0.4-train.csv,indobertlarge,emotion,codemixing,jw,0.4,0.9829593865379154,0.7412666856006817,0.24169270093723372,0.8950077035157256,1.3355930701505254
indobertlarge-emotion-codemixing-jw-adv-0.6-train.csv,indobertlarge,emotion,codemixing,jw,0.6,0.9829593865379154,0.7071854586765124,0.275773927861403,0.8679883705345753,1.6472266117580237
indobertlarge-emotion-codemixing-jw-adv-0.8-train.csv,indobertlarge,emotion,codemixing,jw,0.8,0.9829593865379154,0.6756603237716557,0.3072990627662596,0.841554394042084,1.9654249928997445
indobertlarge-emotion-codemixing-ms-adv-0.2-train.csv,indobertlarge,emotion,codemixing,ms,0.2,0.9829593865379154,0.845498437943766,0.13746094859414937,0.9299546812651206,0.8631700085203067
indobertlarge-emotion-codemixing-ms-adv-0.4-train.csv,indobertlarge,emotion,codemixing,ms,0.4,0.9829593865379154,0.8239136608917921,0.1590457256461233,0.9112800238857688,1.111955268389662
indobertlarge-emotion-codemixing-ms-adv-0.6-train.csv,indobertlarge,emotion,codemixing,ms,0.6,0.9829593865379154,0.8094291394490202,0.1735302470888952,0.8956068981861025,1.3008352740698663
indobertlarge-emotion-codemixing-ms-adv-0.8-train.csv,indobertlarge,emotion,codemixing,ms,0.8,0.9829593865379154,0.8006248224936098,0.1823345640443056,0.8801467439809905,1.3693931837546152
indobertlarge-emotion-codemixing-su-adv-0.2-train.csv,indobertlarge,emotion,codemixing,su,0.2,0.9829593865379154,0.7932405566600398,0.18971882987787558,0.9220500624559036,0.8480546719681908
indobertlarge-emotion-codemixing-su-adv-0.4-train.csv,indobertlarge,emotion,codemixing,su,0.4,0.9829593865379154,0.7409826753763136,0.2419767111616018,0.8940577361985588,1.1066
indobertlarge-emotion-codemixing-su-adv-0.6-train.csv,indobertlarge,emotion,codemixing,su,0.6,0.9829593865379154,0.7003692132916784,0.2825901732462369,0.8662858498143865,1.282423800056802
indobertlarge-emotion-codemixing-su-adv-0.8-train.csv,indobertlarge,emotion,codemixing,su,0.8,0.9829593865379154,0.679920477137177,0.3030389094007384,0.8384559491997888,1.3088354160749789
indobertlarge-sentiment-codemixing-en-adv-0.2-train.csv,indobertlarge,sentiment,codemixing,en,0.2,0.9935454545454544,0.9556363636363636,0.03790909090909078,0.9283204506501894,1.0264394
indobertlarge-sentiment-codemixing-en-adv-0.4-train.csv,indobertlarge,sentiment,codemixing,en,0.4,0.9935454545454544,0.942,0.05154545454545445,0.8609261046283964,0.9250012272727272
indobertlarge-sentiment-codemixing-en-adv-0.6-train.csv,indobertlarge,sentiment,codemixing,en,0.6,0.9935454545454544,0.9313636363636364,0.062181818181818005,0.7957687619154088,1.1084389090909093
indobertlarge-sentiment-codemixing-en-adv-0.8-train.csv,indobertlarge,sentiment,codemixing,en,0.8,0.9935454545454544,0.9740909090909092,0.01945454545454517,0.9591012283186005,1.1235705545454546
indobertlarge-sentiment-codemixing-fr-adv-0.2-train.csv,indobertlarge,sentiment,codemixing,fr,0.2,0.9935454545454544,0.9526363636363636,0.040909090909090784,0.9513361880929972,1.0211926818181818
indobertlarge-sentiment-codemixing-fr-adv-0.4-train.csv,indobertlarge,sentiment,codemixing,fr,0.4,0.9935454545454544,0.9310909090909092,0.06245454545454521,0.9091910762964664,0.9940703727272728
indobertlarge-sentiment-codemixing-fr-adv-0.6-train.csv,indobertlarge,sentiment,codemixing,fr,0.6,0.9935454545454544,0.9146363636363636,0.07890909090909082,0.8654367812047289,1.1785539454545455
indobertlarge-sentiment-codemixing-fr-adv-0.8-train.csv,indobertlarge,sentiment,codemixing,fr,0.8,0.9935454545454544,0.8678181818181818,0.12572727272727258,0.7355246915671636,4.851160763636364
indobertlarge-sentiment-sr-adv-0.2-train.csv,indobertlarge,sentiment,sr,id,0.2,0.9935454545454544,0.9648181818181818,0.0287272727272726,0.9769834490669044,0.8668710636363637
indobertlarge-sentiment-sr-adv-0.4-train.csv,indobertlarge,sentiment,sr,id,0.4,0.9935454545454544,0.9553636363636364,0.038181818181817984,0.9603220904726874,0.6561494636363637
indobertlarge-sentiment-sr-adv-0.6-train.csv,indobertlarge,sentiment,sr,id,0.6,0.9935454545454544,0.9419090909090908,0.05163636363636359,0.9405365116501396,0.5321609
indobertlarge-sentiment-sr-adv-0.8-train.csv,indobertlarge,sentiment,sr,id,0.8,0.9935454545454544,0.9357272727272729,0.05781818181818155,0.9246184940405868,0.7727494999999999
indobertlarge-sentiment-codemixing-it-adv-0.2-train.csv,indobertlarge,sentiment,codemixing,it,0.2,0.9935454545454544,0.9490909090909092,0.04445454545454519,0.959303727848286,1.070493409090909
indobertlarge-sentiment-codemixing-it-adv-0.4-train.csv,indobertlarge,sentiment,codemixing,it,0.4,0.9935454545454544,0.9255454545454546,0.06799999999999984,0.925947275700217,1.1812763454545454
indobertlarge-sentiment-codemixing-it-adv-0.6-train.csv,indobertlarge,sentiment,codemixing,it,0.6,0.9935454545454544,0.9057272727272728,0.08781818181818157,0.8910935463817282,1.403607509090909
indobertlarge-sentiment-codemixing-it-adv-0.8-train.csv,indobertlarge,sentiment,codemixing,it,0.8,0.9935454545454544,0.9598181818181818,0.033727272727272606,0.9409920143756,1.111770781818182
indobertlarge-sentiment-codemixing-jw-adv-0.2-train.csv,indobertlarge,sentiment,codemixing,jw,0.2,0.9935454545454544,0.9616363636363636,0.031909090909090776,0.962379137206484,1.169630709090909
indobertlarge-sentiment-codemixing-jw-adv-0.4-train.csv,indobertlarge,sentiment,codemixing,jw,0.4,0.9935454545454544,0.9490909090909092,0.04445454545454519,0.9314515018944036,1.122542009090909
indobertlarge-sentiment-codemixing-jw-adv-0.6-train.csv,indobertlarge,sentiment,codemixing,jw,0.6,0.9935454545454544,0.9426363636363636,0.05090909090909079,0.9053477672738108,1.283722581818182
indobertlarge-sentiment-codemixing-jw-adv-0.8-train.csv,indobertlarge,sentiment,codemixing,jw,0.8,0.9935454545454544,0.9686363636363636,0.02490909090909077,0.9683485217670148,1.123389536363636
indobertlarge-sentiment-codemixing-ms-adv-0.2-train.csv,indobertlarge,sentiment,codemixing,ms,0.2,0.9935454545454544,0.9713636363636364,0.02218181818181797,0.9757092359648508,0.8701073181818181
indobertlarge-sentiment-codemixing-ms-adv-0.4-train.csv,indobertlarge,sentiment,codemixing,ms,0.4,0.9935454545454544,0.9632727272727272,0.03027272727272723,0.957927220703526,0.9134433636363636
indobertlarge-sentiment-codemixing-ms-adv-0.6-train.csv,indobertlarge,sentiment,codemixing,ms,0.6,0.9935454545454544,0.9609090909090908,0.032636363636363575,0.9418567847704346,1.1085484636363636
indobertlarge-sentiment-codemixing-ms-adv-0.8-train.csv,indobertlarge,sentiment,codemixing,ms,0.8,0.9935454545454544,0.9758181818181818,0.01772727272727259,0.9707777473926544,1.1293078636363636
indobertlarge-sentiment-codemixing-su-adv-0.2-train.csv,indobertlarge,sentiment,codemixing,su,0.2,0.9935454545454544,0.9576363636363636,0.03590909090909078,0.9688229609484024,0.8675826090909091
indobertlarge-sentiment-codemixing-su-adv-0.4-train.csv,indobertlarge,sentiment,codemixing,su,0.4,0.9935454545454544,0.9421818181818182,0.05136363636363617,0.9457527195133946,0.8903642818181818
indobertlarge-sentiment-codemixing-su-adv-0.6-train.csv,indobertlarge,sentiment,codemixing,su,0.6,0.9935454545454544,0.9347272727272729,0.05881818181818155,0.9219884404458782,1.0645265454545454
indobertlarge-sentiment-codemixing-su-adv-0.8-train.csv,indobertlarge,sentiment,codemixing,su,0.8,0.9935454545454544,0.9743636363636364,0.019181818181817967,0.956562299000946,1.1296199272727274
mbert-emotion-codemixing-en-adv-0.2-train.csv,mbert,emotion,codemixing,en,0.2,0.8653791536495313,0.6620278330019881,0.20335132064754324,0.9143251120383954,0.7499028685032663
mbert-emotion-codemixing-en-adv-0.4-train.csv,mbert,emotion,codemixing,en,0.4,0.8653791536495313,0.6191422891224084,0.2462368645271229,0.865120663532172,0.5802681340528258
mbert-emotion-codemixing-en-adv-0.6-train.csv,mbert,emotion,codemixing,en,0.6,0.8653791536495313,0.588185174666288,0.2771939789832434,0.811304042039101,0.6774126668560069
mbert-emotion-codemixing-en-adv-0.8-train.csv,mbert,emotion,codemixing,en,0.8,0.8653791536495313,0.5714285714285714,0.29395058222095993,0.756572906777487,0.7410439079806872
mbert-emotion-codemixing-fr-adv-0.2-train.csv,mbert,emotion,codemixing,fr,0.2,0.8653791536495313,0.6483953422323203,0.21698381141721101,0.917062187560476,0.6590945470036921
mbert-emotion-codemixing-fr-adv-0.4-train.csv,mbert,emotion,codemixing,fr,0.4,0.8653791536495313,0.5975575120704345,0.2678216415790968,0.8754960993784661,0.9126909684748652
mbert-emotion-codemixing-fr-adv-0.6-train.csv,mbert,emotion,codemixing,fr,0.6,0.8653791536495313,0.5600681624538484,0.30531099119568295,0.8302879388830567,1.0340952854302756
mbert-emotion-codemixing-fr-adv-0.8-train.csv,mbert,emotion,codemixing,fr,0.8,0.8653791536495313,0.5487077534791253,0.31667140017040607,0.7827859268203966,1.263862879863675
mbert-emotion-sr-adv-0.2-train.csv,mbert,emotion,sr,id,0.2,0.8653791536495313,0.6571996591877307,0.20817949446180062,0.9411385996043428,0.182414370917353
mbert-emotion-sr-adv-0.4-train.csv,mbert,emotion,sr,id,0.4,0.8653791536495313,0.621130360692985,0.24424879295654633,0.931114329207658,0.3538209031525136
mbert-emotion-sr-adv-0.6-train.csv,mbert,emotion,sr,id,0.6,0.8653791536495313,0.614314115308151,0.2510650383413803,0.9209867757309976,0.2639362681056518
mbert-emotion-sr-adv-0.8-train.csv,mbert,emotion,sr,id,0.8,0.8653791536495313,0.6043737574552683,0.261005396194263,0.9121595187193628,0.4755670264129509
mbert-emotion-codemixing-it-adv-0.2-train.csv,mbert,emotion,codemixing,it,0.2,0.8653791536495313,0.6466912808861119,0.2186878727634194,0.9190072947708392,0.7201854586765123
mbert-emotion-codemixing-it-adv-0.4-train.csv,mbert,emotion,codemixing,it,0.4,0.8653791536495313,0.5910252769099688,0.2743538767395626,0.8809363386045969,0.9495210451576256
mbert-emotion-codemixing-it-adv-0.6-train.csv,mbert,emotion,codemixing,it,0.6,0.8653791536495313,0.5529679068446464,0.31241124680488497,0.8434429223400833,1.096014314115308
mbert-emotion-codemixing-it-adv-0.8-train.csv,mbert,emotion,codemixing,it,0.8,0.8653791536495313,0.5373473445044021,0.3280318091451292,0.8047571174083058,1.3739262993467762
mbert-emotion-codemixing-jw-adv-0.2-train.csv,mbert,emotion,codemixing,jw,0.2,0.8653791536495313,0.6444191990911673,0.22095995455836404,0.9303380476056397,1.0432253337120136
mbert-emotion-codemixing-jw-adv-0.4-train.csv,mbert,emotion,codemixing,jw,0.4,0.8653791536495313,0.5995455836410111,0.26583357000852026,0.9066131068618416,0.9742213007668276
mbert-emotion-codemixing-jw-adv-0.6-train.csv,mbert,emotion,codemixing,jw,0.6,0.8653791536495313,0.5674524282874184,0.29792672536211295,0.8829669334127699,1.1524475433115593
mbert-emotion-codemixing-jw-adv-0.8-train.csv,mbert,emotion,codemixing,jw,0.8,0.8653791536495313,0.6748082930985515,0.19057086055097983,0.9232013259972828,0.6341019880715706
mbert-emotion-codemixing-ms-adv-0.2-train.csv,mbert,emotion,codemixing,ms,0.2,0.8653791536495313,0.6853166714001704,0.18006248224936094,0.936904425435752,0.6285828457824483
mbert-emotion-codemixing-ms-adv-0.4-train.csv,mbert,emotion,codemixing,ms,0.4,0.8653791536495313,0.6620278330019881,0.20335132064754324,0.9214194767839424,0.8293580800908833
mbert-emotion-codemixing-ms-adv-0.6-train.csv,mbert,emotion,codemixing,ms,0.6,0.8653791536495313,0.6393070150525418,0.2260721385969895,0.9074729664679178,0.8279765691564897
mbert-emotion-codemixing-ms-adv-0.8-train.csv,mbert,emotion,codemixing,ms,0.8,0.8653791536495313,0.6234024424879295,0.2419767111616018,0.893915777781053,0.9555500142005112
mbert-emotion-codemixing-su-adv-0.2-train.csv,mbert,emotion,codemixing,su,0.2,0.8653791536495313,0.6495313831297926,0.2158477705197387,0.9309707223835808,0.8140956830445896
mbert-emotion-codemixing-su-adv-0.4-train.csv,mbert,emotion,codemixing,su,0.4,0.8653791536495313,0.6040897472309004,0.26128940641863097,0.9062920031824157,0.8987549843794377
mbert-emotion-codemixing-su-adv-0.6-train.csv,mbert,emotion,codemixing,su,0.6,0.8653791536495313,0.588469184890656,0.2769099687588753,0.881675507578109,0.7996575972735018
mbert-emotion-codemixing-su-adv-0.8-train.csv,mbert,emotion,codemixing,su,0.8,0.8653791536495313,0.5711445612042033,0.294234592445328,0.8565999079422665,1.010596364669128
mbert-sentiment-codemixing-en-adv-0.2-train.csv,mbert,sentiment,codemixing,en,0.2,0.963,0.907,0.05599999999999994,0.9260797410819002,0.6068968545454546
mbert-sentiment-codemixing-en-adv-0.4-train.csv,mbert,sentiment,codemixing,en,0.4,0.963,0.8807272727272727,0.08227272727272728,0.861691541550681,0.6156175545454546
mbert-sentiment-codemixing-en-adv-0.6-train.csv,mbert,sentiment,codemixing,en,0.6,0.963,0.9352727272727271,0.027727272727272823,0.9685083791317248,0.3799745363636364
mbert-sentiment-codemixing-en-adv-0.8-train.csv,mbert,sentiment,codemixing,en,0.8,0.963,0.8668181818181818,0.09618181818181815,0.7386588712586937,0.8132227636363636
mbert-sentiment-codemixing-fr-adv-0.2-train.csv,mbert,sentiment,codemixing,fr,0.2,0.963,0.9056363636363636,0.057363636363636394,0.9473733998719942,0.7100510909090909
mbert-sentiment-codemixing-fr-adv-0.4-train.csv,mbert,sentiment,codemixing,fr,0.4,0.963,0.8817272727272727,0.08127272727272727,0.907763626219874,0.7996237636363638
mbert-sentiment-codemixing-fr-adv-0.6-train.csv,mbert,sentiment,codemixing,fr,0.6,0.963,0.873,0.08999999999999997,0.8652558864429593,0.9962203363636364
mbert-sentiment-codemixing-fr-adv-0.8-train.csv,mbert,sentiment,codemixing,fr,0.8,0.963,0.8672727272727273,0.09572727272727266,0.822944147423587,1.2974347545454543
mbert-sentiment-sr-adv-0.2-train.csv,mbert,sentiment,sr,id,0.2,0.963,0.910818181818182,0.052181818181817996,0.975074173082005,0.2883451909090909
mbert-sentiment-sr-adv-0.4-train.csv,mbert,sentiment,sr,id,0.4,0.963,0.883090909090909,0.07990909090909093,0.9573402752510526,0.5691170181818183
mbert-sentiment-sr-adv-0.6-train.csv,mbert,sentiment,sr,id,0.6,0.963,0.8588181818181818,0.10418181818181815,0.9404103724539956,0.1100496090909091
mbert-sentiment-sr-adv-0.8-train.csv,mbert,sentiment,sr,id,0.8,0.963,0.8682727272727273,0.09472727272727266,0.9216065854701128,0.2662747909090909
mbert-sentiment-codemixing-it-adv-0.2-train.csv,mbert,sentiment,codemixing,it,0.2,0.963,0.8979090909090909,0.06509090909090909,0.9573531035570936,0.6583432636363636
mbert-sentiment-codemixing-it-adv-0.4-train.csv,mbert,sentiment,codemixing,it,0.4,0.963,0.8708181818181818,0.09218181818181814,0.9257792200805112,0.8928746181818181
mbert-sentiment-codemixing-it-adv-0.6-train.csv,mbert,sentiment,codemixing,it,0.6,0.963,0.858,0.10499999999999998,0.8912768776017157,1.1524071818181818
mbert-sentiment-codemixing-it-adv-0.8-train.csv,mbert,sentiment,codemixing,it,0.8,0.963,0.8547272727272728,0.10827272727272719,0.856902074993334,1.3954775
mbert-sentiment-codemixing-jw-adv-0.2-train.csv,mbert,sentiment,codemixing,jw,0.2,0.963,0.8811818181818182,0.08181818181818179,0.9615155617377976,0.8136796272727274
mbert-sentiment-codemixing-jw-adv-0.4-train.csv,mbert,sentiment,codemixing,jw,0.4,0.963,0.856,0.10699999999999998,0.9318085170036012,0.9541124181818182
mbert-sentiment-codemixing-jw-adv-0.6-train.csv,mbert,sentiment,codemixing,jw,0.6,0.963,0.9295454545454546,0.033454545454545404,0.9746659918644212,0.2676370181818182
mbert-sentiment-codemixing-jw-adv-0.8-train.csv,mbert,sentiment,codemixing,jw,0.8,0.963,0.8428181818181818,0.12018181818181817,0.8827860902574929,1.3111626727272725
mbert-sentiment-codemixing-ms-adv-0.2-train.csv,mbert,sentiment,codemixing,ms,0.2,0.963,0.9141818181818182,0.04881818181818176,0.975305543162606,0.5905667090909091
mbert-sentiment-codemixing-ms-adv-0.4-train.csv,mbert,sentiment,codemixing,ms,0.4,0.963,0.8952727272727272,0.06772727272727275,0.9580572597763756,0.7472619818181819
mbert-sentiment-codemixing-ms-adv-0.6-train.csv,mbert,sentiment,codemixing,ms,0.6,0.963,0.8841818181818182,0.07881818181818179,0.942028124134649,0.9096906272727272
mbert-sentiment-codemixing-ms-adv-0.8-train.csv,mbert,sentiment,codemixing,ms,0.8,0.963,0.8773636363636363,0.08563636363636362,0.9276306334625593,0.988770690909091
mbert-sentiment-codemixing-su-adv-0.2-train.csv,mbert,sentiment,codemixing,su,0.2,0.963,0.8977272727272727,0.06527272727272726,0.9675437662554058,0.6141602727272727
mbert-sentiment-codemixing-su-adv-0.4-train.csv,mbert,sentiment,codemixing,su,0.4,0.963,0.8739090909090909,0.08909090909090911,0.9459667492461477,0.7126905727272727
mbert-sentiment-codemixing-su-adv-0.6-train.csv,mbert,sentiment,codemixing,su,0.6,0.963,0.8594545454545455,0.1035454545454545,0.9225950241691688,0.9018202
mbert-sentiment-codemixing-su-adv-0.8-train.csv,mbert,sentiment,codemixing,su,0.8,0.963,0.8502727272727273,0.11272727272727268,0.8994888330948624,0.8793986545454544
xlmr-emotion-codemixing-en-adv-0.2-train.csv,xlmr,emotion,codemixing,en,0.2,0.9037205339392218,0.764555523998864,0.13916500994035785,0.912873440925471,0.4877059074126669
xlmr-emotion-codemixing-en-adv-0.4-train.csv,xlmr,emotion,codemixing,en,0.4,0.9037205339392218,0.7449588185174666,0.1587617154217552,0.864465268383274,0.7129707469468901
xlmr-emotion-codemixing-en-adv-0.6-train.csv,xlmr,emotion,codemixing,en,0.6,0.9037205339392218,0.7296222664015904,0.17409826753763136,0.8121064880826331,0.6754303322919625
xlmr-emotion-codemixing-en-adv-0.8-train.csv,xlmr,emotion,codemixing,en,0.8,0.9037205339392218,0.720533939221812,0.18318659471740983,0.7563257528719188,0.7871681624538484
xlmr-emotion-codemixing-fr-adv-0.2-train.csv,xlmr,emotion,codemixing,fr,0.2,0.9037205339392218,0.7296222664015904,0.17409826753763136,0.9157091765935635,0.8290353308719113
xlmr-emotion-codemixing-fr-adv-0.4-train.csv,xlmr,emotion,codemixing,fr,0.4,0.9037205339392218,0.6958250497017893,0.20789548423743254,0.8737206798733482,0.8198886111900029
xlmr-emotion-codemixing-fr-adv-0.6-train.csv,xlmr,emotion,codemixing,fr,0.6,0.9037205339392218,0.6719681908548708,0.231752343084351,0.8283925444454809,1.0405475717125816
xlmr-emotion-codemixing-fr-adv-0.8-train.csv,xlmr,emotion,codemixing,fr,0.8,0.9037205339392218,0.6537915364953139,0.24992899744390795,0.7805214053682731,1.3026007100255608
xlmr-emotion-sr-adv-0.2-train.csv,xlmr,emotion,sr,id,0.2,0.9037205339392218,0.746378869639307,0.1573416642999148,0.9394508100849294,0.4420465776767963
xlmr-emotion-sr-adv-0.4-train.csv,xlmr,emotion,sr,id,0.4,0.9037205339392218,0.7259301334848055,0.1777904004544163,0.9295782632311106,0.2463125248508946
xlmr-emotion-sr-adv-0.6-train.csv,xlmr,emotion,sr,id,0.6,0.9037205339392218,0.6935529679068446,0.21016756603237718,0.91790104040374,0.2792371485373473
xlmr-emotion-sr-adv-0.8-train.csv,xlmr,emotion,sr,id,0.8,0.9037205339392218,0.6890088043169554,0.21471172962226637,0.9073832972597852,0.4080830729906277
xlmr-emotion-codemixing-it-adv-0.2-train.csv,xlmr,emotion,codemixing,it,0.2,0.9037205339392218,0.7301902868503266,0.1735302470888952,0.9174304362349436,0.6438617722238
xlmr-emotion-codemixing-it-adv-0.4-train.csv,xlmr,emotion,codemixing,it,0.4,0.9037205339392218,0.6867367225220108,0.21698381141721101,0.8800289632752009,0.8745295654643567
xlmr-emotion-codemixing-it-adv-0.6-train.csv,xlmr,emotion,codemixing,it,0.6,0.9037205339392218,0.665435955694405,0.23828457824481686,0.8417614037231842,1.0768751207043452
xlmr-emotion-codemixing-it-adv-0.8-train.csv,xlmr,emotion,codemixing,it,0.8,0.9037205339392218,0.6466912808861119,0.25702925305310986,0.8029083374700435,1.406323004828174
xlmr-emotion-codemixing-jw-adv-0.2-train.csv,xlmr,emotion,codemixing,jw,0.2,0.9037205339392218,0.7228060210167566,0.1809145129224652,0.928154166331856,0.6733064186310707
xlmr-emotion-codemixing-jw-adv-0.4-train.csv,xlmr,emotion,codemixing,jw,0.4,0.9037205339392218,0.6864527122976427,0.2172678216415791,0.903660806225498,0.8926529111047997
xlmr-emotion-codemixing-jw-adv-0.6-train.csv,xlmr,emotion,codemixing,jw,0.6,0.9037205339392218,0.6586197103095711,0.2451008236296507,0.8791873118893323,1.238720022720818
xlmr-emotion-codemixing-jw-adv-0.8-train.csv,xlmr,emotion,codemixing,jw,0.8,0.9037205339392218,0.6407270661743822,0.26299346776483956,0.8552770733238706,1.5229056234024425
xlmr-emotion-codemixing-ms-adv-0.2-train.csv,xlmr,emotion,codemixing,ms,0.2,0.9037205339392218,0.7637034933257597,0.1400170406134621,0.9354721880778436,0.5771617438227776
xlmr-emotion-codemixing-ms-adv-0.4-train.csv,xlmr,emotion,codemixing,ms,0.4,0.9037205339392218,0.7421187162737859,0.1616018176654359,0.9192658347040372,0.6797111616018177
xlmr-emotion-codemixing-ms-adv-0.6-train.csv,xlmr,emotion,codemixing,ms,0.6,0.9037205339392218,0.7310423175234309,0.17267821641579095,0.9047832990515404,0.8200962226640158
xlmr-emotion-codemixing-ms-adv-0.8-train.csv,xlmr,emotion,codemixing,ms,0.8,0.9037205339392218,0.7182618574268673,0.18545867651235448,0.8911207259755113,1.0474164725930133
xlmr-emotion-codemixing-su-adv-0.2-train.csv,xlmr,emotion,codemixing,su,0.2,0.9037205339392218,0.72081794944618,0.18290258449304175,0.9286459155530964,0.5865275489917636
xlmr-emotion-codemixing-su-adv-0.4-train.csv,xlmr,emotion,codemixing,su,0.4,0.9037205339392218,0.6745242828741834,0.22919625106503838,0.9046445444577528,0.7087728770235727
xlmr-emotion-codemixing-su-adv-0.6-train.csv,xlmr,emotion,codemixing,su,0.6,0.9037205339392218,0.6489633626810565,0.2547571712581653,0.8798953668192956,0.9168336268105652
xlmr-emotion-codemixing-su-adv-0.8-train.csv,xlmr,emotion,codemixing,su,0.8,0.9037205339392218,0.6307867083214995,0.2729338256177223,0.8547529483918134,1.0522890372053393
xlmr-sentiment-codemixing-en-adv-0.2-train.csv,xlmr,sentiment,codemixing,en,0.2,0.956181818181818,0.923,0.03318181818181798,0.9281574901830066,0.5484588181818182
xlmr-sentiment-codemixing-en-adv-0.4-train.csv,xlmr,sentiment,codemixing,en,0.4,0.956181818181818,0.9172727272727272,0.03890909090909078,0.8663612754046917,0.6640455090909091
xlmr-sentiment-codemixing-en-adv-0.6-train.csv,xlmr,sentiment,codemixing,en,0.6,0.956181818181818,0.910818181818182,0.04536363636363605,0.8025491625842723,0.8230111363636364
xlmr-sentiment-codemixing-en-adv-0.8-train.csv,xlmr,sentiment,codemixing,en,0.8,0.956181818181818,0.9039090909090908,0.05227272727272725,0.7423831101012501,0.784838
xlmr-sentiment-codemixing-fr-adv-0.2-train.csv,xlmr,sentiment,codemixing,fr,0.2,0.956181818181818,0.9064545454545454,0.04972727272727262,0.9482289774135094,0.7188301909090908
xlmr-sentiment-codemixing-fr-adv-0.4-train.csv,xlmr,sentiment,codemixing,fr,0.4,0.956181818181818,0.8924545454545455,0.06372727272727252,0.909344790468331,0.6986958181818183
xlmr-sentiment-codemixing-fr-adv-0.6-train.csv,xlmr,sentiment,codemixing,fr,0.6,0.956181818181818,0.881,0.07518181818181802,0.8682585210707039,0.9712880090909092
xlmr-sentiment-codemixing-fr-adv-0.8-train.csv,xlmr,sentiment,codemixing,fr,0.8,0.956181818181818,0.9154545454545454,0.04072727272727261,0.9453079974793576,0.1803960636363636
xlmr-sentiment-sr-adv-0.2-train.csv,xlmr,sentiment,sr,id,0.2,0.956181818181818,0.9079090909090908,0.048272727272727245,0.9749293595491484,0.2664003909090909
xlmr-sentiment-sr-adv-0.4-train.csv,xlmr,sentiment,sr,id,0.4,0.956181818181818,0.9011818181818182,0.05499999999999983,0.9607317911874164,0.1524440545454545
xlmr-sentiment-sr-adv-0.6-train.csv,xlmr,sentiment,sr,id,0.6,0.956181818181818,0.8949090909090909,0.061272727272727145,0.9429778290289368,0.1720489454545454
xlmr-sentiment-sr-adv-0.8-train.csv,xlmr,sentiment,sr,id,0.8,0.956181818181818,0.8662727272727273,0.08990909090909072,0.9252536789673296,0.5548653272727272
xlmr-sentiment-codemixing-it-adv-0.2-train.csv,xlmr,sentiment,codemixing,it,0.2,0.956181818181818,0.9084545454545454,0.04772727272727262,0.957572096974335,0.7338228454545455
xlmr-sentiment-codemixing-it-adv-0.4-train.csv,xlmr,sentiment,codemixing,it,0.4,0.956181818181818,0.8914545454545455,0.06472727272727252,0.9268402804305608,0.8332203454545455
xlmr-sentiment-codemixing-it-adv-0.6-train.csv,xlmr,sentiment,codemixing,it,0.6,0.956181818181818,0.8795454545454545,0.0766363636363635,0.8936010659452189,1.0503536909090907
xlmr-sentiment-codemixing-it-adv-0.8-train.csv,xlmr,sentiment,codemixing,it,0.8,0.956181818181818,0.9112727272727272,0.04490909090909079,0.942079973295331,0.2482307181818181
xlmr-sentiment-codemixing-jw-adv-0.2-train.csv,xlmr,sentiment,codemixing,jw,0.2,0.956181818181818,0.9151818181818182,0.040999999999999814,0.96278630928492,0.6850371000000001
xlmr-sentiment-codemixing-jw-adv-0.4-train.csv,xlmr,sentiment,codemixing,jw,0.4,0.956181818181818,0.9062727272727272,0.04990909090909079,0.9341097177233209,0.9039851909090908
xlmr-sentiment-codemixing-jw-adv-0.6-train.csv,xlmr,sentiment,codemixing,jw,0.6,0.956181818181818,0.8998181818181819,0.05636363636363617,0.907832807393914,1.1024841727272727
xlmr-sentiment-codemixing-jw-adv-0.8-train.csv,xlmr,sentiment,codemixing,jw,0.8,0.956181818181818,0.893090909090909,0.06309090909090898,0.8843199307559566,1.210911409090909
xlmr-sentiment-codemixing-ms-adv-0.2-train.csv,xlmr,sentiment,codemixing,ms,0.2,0.956181818181818,0.927,0.029181818181817976,0.9750502844805068,0.6727606545454545
xlmr-sentiment-codemixing-ms-adv-0.4-train.csv,xlmr,sentiment,codemixing,ms,0.4,0.956181818181818,0.9230909090909092,0.03309090909090884,0.9579662155590274,0.6747529545454545
xlmr-sentiment-codemixing-ms-adv-0.6-train.csv,xlmr,sentiment,codemixing,ms,0.6,0.956181818181818,0.9190909090909092,0.03709090909090884,0.9424585367495364,0.836242090909091
xlmr-sentiment-codemixing-ms-adv-0.8-train.csv,xlmr,sentiment,codemixing,ms,0.8,0.956181818181818,0.9303636363636364,0.02581818181818163,0.9716626494526864,0.4023826363636364
xlmr-sentiment-codemixing-su-adv-0.2-train.csv,xlmr,sentiment,codemixing,su,0.2,0.956181818181818,0.9066363636363636,0.04954545454545445,0.9678835105970502,0.6849836909090908
xlmr-sentiment-codemixing-su-adv-0.4-train.csv,xlmr,sentiment,codemixing,su,0.4,0.956181818181818,0.8958181818181818,0.060363636363636175,0.947132052748718,0.6857094727272727
xlmr-sentiment-codemixing-su-adv-0.6-train.csv,xlmr,sentiment,codemixing,su,0.6,0.956181818181818,0.887090909090909,0.06909090909090898,0.9243376084071668,0.796606290909091
xlmr-sentiment-codemixing-su-adv-0.8-train.csv,xlmr,sentiment,codemixing,su,0.8,0.956181818181818,0.876,0.08018181818181802,0.9010661602162502,0.9071395909090908
xlmrlarge-emotion-codemixing-en-adv-0.2-train.csv,xlmrlarge,emotion,codemixing,en,0.2,0.95569440499858,0.8026128940641863,0.1530815109343937,0.9071995351136628,0.9966274921897188
xlmrlarge-emotion-codemixing-en-adv-0.4-train.csv,xlmrlarge,emotion,codemixing,en,0.4,0.95569440499858,0.7852882703777336,0.17040613462084642,0.8558710458916177,0.8714110195967054
xlmrlarge-emotion-codemixing-en-adv-0.6-train.csv,xlmrlarge,emotion,codemixing,en,0.6,0.95569440499858,0.7773359840954275,0.17835842090315257,0.7984680717335408,0.9276141437091736
xlmrlarge-emotion-codemixing-en-adv-0.8-train.csv,xlmrlarge,emotion,codemixing,en,0.8,0.95569440499858,0.7716557796080659,0.1840386253905142,0.7412268109566716,1.0447636182902584
xlmrlarge-emotion-codemixing-fr-adv-0.2-train.csv,xlmrlarge,emotion,codemixing,fr,0.2,0.95569440499858,0.7673956262425448,0.1882987787560353,0.911311687325524,1.1005976427151378
xlmrlarge-emotion-codemixing-fr-adv-0.4-train.csv,xlmrlarge,emotion,codemixing,fr,0.4,0.95569440499858,0.7290542459528543,0.22664015904572576,0.8662125507548972,1.0722662027833003
xlmrlarge-emotion-codemixing-fr-adv-0.6-train.csv,xlmrlarge,emotion,codemixing,fr,0.6,0.95569440499858,0.7134336836126101,0.24226072138597,0.8180082968836377,1.216765663163874
xlmrlarge-emotion-codemixing-fr-adv-0.8-train.csv,xlmrlarge,emotion,codemixing,fr,0.8,0.95569440499858,0.7049133768815677,0.2507810281170123,0.768927657277924,1.5133272365805168
xlmrlarge-emotion-sr-adv-0.2-train.csv,xlmrlarge,emotion,sr,id,0.2,0.95569440499858,0.7918205055381994,0.16387389946038067,0.936841670625828,0.5456126668560068
xlmrlarge-emotion-sr-adv-0.4-train.csv,xlmrlarge,emotion,sr,id,0.4,0.95569440499858,0.7838682192558932,0.17182618574268682,0.9259448429398732,0.6183781880147685
xlmrlarge-emotion-sr-adv-0.6-train.csv,xlmrlarge,emotion,sr,id,0.6,0.95569440499858,0.7514910536779325,0.2042033513206476,0.9143613647310884,0.6381353308719113
xlmrlarge-emotion-sr-adv-0.8-train.csv,xlmrlarge,emotion,sr,id,0.8,0.95569440499858,0.7441067878443623,0.2115876171542177,0.9028235745934456,0.6142026412950866
xlmrlarge-emotion-codemixing-it-adv-0.2-train.csv,xlmrlarge,emotion,codemixing,it,0.2,0.95569440499858,0.7605793808577109,0.19511502414086912,0.9129003371257262,1.0507442203919342
xlmrlarge-emotion-codemixing-it-adv-0.4-train.csv,xlmrlarge,emotion,codemixing,it,0.4,0.95569440499858,0.7142857142857143,0.24140869071286575,0.871832198158935,1.1056749502982106
xlmrlarge-emotion-codemixing-it-adv-0.6-train.csv,xlmrlarge,emotion,codemixing,it,0.6,0.95569440499858,0.7049133768815677,0.2507810281170123,0.8310434545171562,1.246587730758307
xlmrlarge-emotion-codemixing-it-adv-0.8-train.csv,xlmrlarge,emotion,codemixing,it,0.8,0.95569440499858,0.6975291110479978,0.2581652939505823,0.791307716074145,1.5983259017324625
xlmrlarge-emotion-codemixing-jw-adv-0.2-train.csv,xlmrlarge,emotion,codemixing,jw,0.2,0.95569440499858,0.7906844646407271,0.165009940357853,0.9245417597101888,1.1434690144845217
xlmrlarge-emotion-codemixing-jw-adv-0.4-train.csv,xlmrlarge,emotion,codemixing,jw,0.4,0.95569440499858,0.7512070434535644,0.20448736154501568,0.8982715726309255,1.1512374325475716
xlmrlarge-emotion-codemixing-jw-adv-0.6-train.csv,xlmrlarge,emotion,codemixing,jw,0.6,0.95569440499858,0.7247940925873332,0.23090031241124687,0.8731945895126211,1.729655836410111
xlmrlarge-emotion-codemixing-jw-adv-0.8-train.csv,xlmrlarge,emotion,codemixing,jw,0.8,0.95569440499858,0.7154217551831866,0.24027264981539342,0.84911280291912,2.137633172394206
xlmrlarge-emotion-codemixing-ms-adv-0.2-train.csv,xlmrlarge,emotion,codemixing,ms,0.2,0.95569440499858,0.8190854870775348,0.13660891792104524,0.9321380309915042,0.979771258165294
xlmrlarge-emotion-codemixing-ms-adv-0.4-train.csv,xlmrlarge,emotion,codemixing,ms,0.4,0.95569440499858,0.7952286282306164,0.1604657767679637,0.9148505562871432,0.9440742402726496
xlmrlarge-emotion-codemixing-ms-adv-0.6-train.csv,xlmrlarge,emotion,codemixing,ms,0.6,0.95569440499858,0.7813121272365805,0.17438227776199955,0.8992246342159002,1.072965521158762
xlmrlarge-emotion-codemixing-ms-adv-0.8-train.csv,xlmrlarge,emotion,codemixing,ms,0.8,0.95569440499858,0.7739278614030105,0.18176654359556954,0.8852790864023151,1.3272337120136324
xlmrlarge-emotion-codemixing-su-adv-0.2-train.csv,xlmrlarge,emotion,codemixing,su,0.2,0.95569440499858,0.772223800056802,0.18347060494177803,0.9246836379403184,1.0671365237148538
xlmrlarge-emotion-codemixing-su-adv-0.4-train.csv,xlmrlarge,emotion,codemixing,su,0.4,0.95569440499858,0.7304742970746947,0.22522010792388536,0.8981717873520216,0.9845713149673389
xlmrlarge-emotion-codemixing-su-adv-0.6-train.csv,xlmrlarge,emotion,codemixing,su,0.6,0.95569440499858,0.7148537347344505,0.24084067026412959,0.8722535494595419,1.1163658903720532
xlmrlarge-emotion-codemixing-su-adv-0.8-train.csv,xlmrlarge,emotion,codemixing,su,0.8,0.95569440499858,0.6918489065606361,0.2638454984379439,0.8472944792191842,1.4970091167282022
xlmrlarge-sentiment-codemixing-en-adv-0.2-train.csv,xlmrlarge,sentiment,codemixing,en,0.2,0.9800909090909092,0.9547272727272728,0.025363636363636477,0.9295049879904836,0.8604814272727271
xlmrlarge-sentiment-codemixing-en-adv-0.4-train.csv,xlmrlarge,sentiment,codemixing,en,0.4,0.9800909090909092,0.9481818181818182,0.031909090909091,0.8644682962354273,0.718553009090909
xlmrlarge-sentiment-codemixing-en-adv-0.6-train.csv,xlmrlarge,sentiment,codemixing,en,0.6,0.9800909090909092,0.9446363636363636,0.03545454545454563,0.7987052584183826,0.8814627272727272
xlmrlarge-sentiment-codemixing-en-adv-0.8-train.csv,xlmrlarge,sentiment,codemixing,en,0.8,0.9800909090909092,0.9412727272727271,0.038818181818182085,0.7383653399024837,1.1918175181818182
xlmrlarge-sentiment-codemixing-fr-adv-0.2-train.csv,xlmrlarge,sentiment,codemixing,fr,0.2,0.9800909090909092,0.9445454545454546,0.03554545454545466,0.9490214345152066,0.9881440272727272
xlmrlarge-sentiment-codemixing-fr-adv-0.4-train.csv,xlmrlarge,sentiment,codemixing,fr,0.4,0.9800909090909092,0.9338181818181818,0.046272727272727465,0.9090169921512292,1.0537901636363636
xlmrlarge-sentiment-codemixing-fr-adv-0.6-train.csv,xlmrlarge,sentiment,codemixing,fr,0.6,0.9800909090909092,0.9573636363636364,0.022727272727272818,0.958367496356368,1.1020643272727273
xlmrlarge-sentiment-codemixing-fr-adv-0.8-train.csv,xlmrlarge,sentiment,codemixing,fr,0.8,0.9800909090909092,0.9166363636363636,0.06345454545454565,0.823967159314081,1.535967209090909
xlmrlarge-sentiment-sr-adv-0.2-train.csv,xlmrlarge,sentiment,sr,id,0.2,0.9800909090909092,0.9448181818181818,0.035272727272727455,0.9761793994966216,0.7492263000000001
xlmrlarge-sentiment-sr-adv-0.4-train.csv,xlmrlarge,sentiment,sr,id,0.4,0.9800909090909092,0.9330909090909092,0.04700000000000004,0.9609147431227294,0.5573110636363635
xlmrlarge-sentiment-sr-adv-0.6-train.csv,xlmrlarge,sentiment,sr,id,0.6,0.9800909090909092,0.9204545454545454,0.05963636363636382,0.9432455167858438,1.0124434545454544
xlmrlarge-sentiment-sr-adv-0.8-train.csv,xlmrlarge,sentiment,sr,id,0.8,0.9800909090909092,0.9023636363636364,0.07772727272727287,0.9265466361438688,0.4342247181818182
xlmrlarge-sentiment-codemixing-it-adv-0.2-train.csv,xlmrlarge,sentiment,codemixing,it,0.2,0.9800909090909092,0.9411818181818182,0.038909090909091004,0.9574884020747108,1.007533490909091
xlmrlarge-sentiment-codemixing-it-adv-0.4-train.csv,xlmrlarge,sentiment,codemixing,it,0.4,0.9800909090909092,0.9286363636363636,0.05145454545454564,0.9257565821984952,1.1335770818181818
xlmrlarge-sentiment-codemixing-it-adv-0.6-train.csv,xlmrlarge,sentiment,codemixing,it,0.6,0.9800909090909092,0.950181818181818,0.029909090909091218,0.955676507011056,1.1031944181818183
xlmrlarge-sentiment-codemixing-it-adv-0.8-train.csv,xlmrlarge,sentiment,codemixing,it,0.8,0.9800909090909092,0.9477272727272728,0.03236363636363648,0.9415825297656384,0.193765
xlmrlarge-sentiment-codemixing-jw-adv-0.2-train.csv,xlmrlarge,sentiment,codemixing,jw,0.2,0.9800909090909092,0.9462727272727272,0.03381818181818208,0.964021262062544,0.9985540818181818
xlmrlarge-sentiment-codemixing-jw-adv-0.4-train.csv,xlmrlarge,sentiment,codemixing,jw,0.4,0.9800909090909092,0.9376363636363636,0.042454545454545634,0.9338086823922668,0.9984747545454546
xlmrlarge-sentiment-codemixing-jw-adv-0.6-train.csv,xlmrlarge,sentiment,codemixing,jw,0.6,0.9800909090909092,0.9319090909090908,0.04818181818181844,0.9060451984317466,1.5332465818181815
xlmrlarge-sentiment-codemixing-jw-adv-0.8-train.csv,xlmrlarge,sentiment,codemixing,jw,0.8,0.9800909090909092,0.9247272727272728,0.05536363636363639,0.8826610834781419,1.5245901909090909
xlmrlarge-sentiment-codemixing-ms-adv-0.2-train.csv,xlmrlarge,sentiment,codemixing,ms,0.2,0.9800909090909092,0.9566363636363636,0.023454545454545617,0.9747776692089708,0.942483818181818
xlmrlarge-sentiment-codemixing-ms-adv-0.4-train.csv,xlmrlarge,sentiment,codemixing,ms,0.4,0.9800909090909092,0.9519090909090908,0.02818181818181842,0.9569902831898496,0.9693681636363636
xlmrlarge-sentiment-codemixing-ms-adv-0.6-train.csv,xlmrlarge,sentiment,codemixing,ms,0.6,0.9800909090909092,0.9598181818181818,0.020272727272727442,0.9753600532764738,1.1023908272727272
xlmrlarge-sentiment-codemixing-ms-adv-0.8-train.csv,xlmrlarge,sentiment,codemixing,ms,0.8,0.9800909090909092,0.9476363636363636,0.032454545454545625,0.9269175955206156,1.2159904363636365
xlmrlarge-sentiment-codemixing-su-adv-0.2-train.csv,xlmrlarge,sentiment,codemixing,su,0.2,0.9800909090909092,0.945,0.035090909090909284,0.9686316291926936,0.8492257000000001
xlmrlarge-sentiment-codemixing-su-adv-0.4-train.csv,xlmrlarge,sentiment,codemixing,su,0.4,0.9800909090909092,0.9316363636363636,0.04845454545454564,0.94678242997351,0.8726656090909092
xlmrlarge-sentiment-codemixing-su-adv-0.6-train.csv,xlmrlarge,sentiment,codemixing,su,0.6,0.9800909090909092,0.9578181818181818,0.022272727272727444,0.9640318045710976,1.1116006818181816
xlmrlarge-sentiment-codemixing-su-adv-0.8-train.csv,xlmrlarge,sentiment,codemixing,su,0.8,0.9800909090909092,0.9094545454545454,0.07063636363636383,0.9004828168038618,1.1383644545454543
