filename,model_target,downstream_task,perturbation_technique,codemix_lang,perturb_ratio,before_attack_acc,before_attack_acc,after_attack_acc,after_attack_acc,delta_acc,delta_acc,avg_semantic_sim,avg_semantic_sim,avg_running_time(s)
,first,first,first,first,first,mean,std,mean,std,mean,std,mean,std,mean
indobert-emotion-codemixing-en-adv-0.2-train.csv,indobert,emotion,codemixing,en,0.2,0.976521821452239,0.0034238646823865817,0.7664489254946512,0.012781511942999311,0.21007289595758785,0.015918091115769094,0.9006756958511589,0.005030226439669364,0.5103329830540565
indobert-emotion-codemixing-en-adv-0.4-train.csv,indobert,emotion,codemixing,en,0.4,0.976521821452239,0.0034238646823865817,0.7181671873520781,0.0035510743791557302,0.25835463410016096,0.006758806872517745,0.8521763668336065,0.000846327040182871,0.7123984190097511
indobert-emotion-codemixing-en-adv-0.6-train.csv,indobert,emotion,codemixing,en,0.6,0.976521821452239,0.0034238646823865817,0.6914702262614787,0.0009129651387856542,0.28505159519076023,0.00331615637378332,0.7928088869944302,0.0009218205609056656,0.7794162832528637
indobert-emotion-codemixing-en-adv-0.8-train.csv,indobert,emotion,codemixing,en,0.8,0.976521821452239,0.0034238646823865817,0.6567263088137839,0.022935181147618507,0.319795512638455,0.023877136673653602,0.7071816783077809,0.02080619764614122,3.114736258638644
indobert-emotion-codemixing-fr-adv-0.2-train.csv,indobert,emotion,codemixing,fr,0.2,0.976521821452239,0.0034238646823865817,0.7404146549275774,0.0023247238772713874,0.23610716652466154,0.005739068282202975,0.9106823884830278,0.00069012599046295,0.6706317618100918
indobert-emotion-codemixing-fr-adv-0.4-train.csv,indobert,emotion,codemixing,fr,0.4,0.976521821452239,0.0034238646823865817,0.6544542270188393,0.008709132354147046,0.32206759443339966,0.011836788403393647,0.86362336829134,0.000597252898518229,0.9489284672914892
indobert-emotion-codemixing-fr-adv-0.6-train.csv,indobert,emotion,codemixing,fr,0.6,0.976521821452239,0.0034238646823865817,0.6109059926157341,0.005743751325236203,0.36561582883650484,0.00909867582733732,0.8126107318979101,0.0003573528324384625,1.1295608917921045
indobert-emotion-codemixing-fr-adv-0.8-train.csv,indobert,emotion,codemixing,fr,0.8,0.976521821452239,0.0034238646823865817,0.5325191706901449,0.04624834213987378,0.44400265076209416,0.04911023246618557,0.7190674915453056,0.035727442724282396,3.8595625958534505
indobert-emotion-codemixing-it-adv-0.2-train.csv,indobert,emotion,codemixing,it,0.2,0.976521821452239,0.0034238646823865817,0.7217646501940737,0.0062889723299223,0.25475717125816527,0.004463571043880018,0.9124797839767652,3.0519991025274204e-05,0.7053238947268768
indobert-emotion-codemixing-it-adv-0.4-train.csv,indobert,emotion,codemixing,it,0.4,0.976521821452239,0.0034238646823865817,0.6334374704156017,0.004789033369285903,0.3430843510366373,0.002426584420709344,0.8701929974714532,0.000238761234413061,1.0450990627662597
indobert-emotion-codemixing-it-adv-0.6-train.csv,indobert,emotion,codemixing,it,0.6,0.976521821452239,0.0034238646823865817,0.5879958345167092,0.003551074379155765,0.38852598693552975,0.002524338090688857,0.8262964562145889,0.00036242580691834197,1.2197913566221719
indobert-emotion-codemixing-it-adv-0.8-train.csv,indobert,emotion,codemixing,it,0.8,0.976521821452239,0.0034238646823865817,0.5378206948783489,0.0249239536827103,0.43870112657389,0.02778272347472578,0.7526624728888937,0.027372310362238268,3.795071314967339
indobert-emotion-codemixing-jw-adv-0.2-train.csv,indobert,emotion,codemixing,jw,0.2,0.976521821452239,0.0034238646823865817,0.7606740509325003,0.002699342502959993,0.21584777051973872,0.0027971763140573814,0.9240814458575651,0.0003270720590391432,0.8265265928240083
indobert-emotion-codemixing-jw-adv-0.4-train.csv,indobert,emotion,codemixing,jw,0.4,0.976521821452239,0.0034238646823865817,0.6870207327463788,0.001988071570576586,0.2895010887058601,0.0016149504978918094,0.8966627733142362,0.0003367786379527357,1.0697261573416643
indobert-emotion-codemixing-jw-adv-0.6-train.csv,indobert,emotion,codemixing,jw,0.6,0.976521821452239,0.0034238646823865817,0.6474486414844268,0.0008676655675386725,0.3290731799678122,0.0038664352658641975,0.8700827016889017,0.0005376054104214063,1.3222507904951244
indobert-emotion-codemixing-jw-adv-0.8-train.csv,indobert,emotion,codemixing,jw,0.8,0.976521821452239,0.0034238646823865817,0.5703872006058885,0.006847729364773365,0.40613462084635055,0.010271594047159929,0.8265909688339352,0.0006060696392578879,6.304286660986463
indobert-emotion-codemixing-ms-adv-0.2-train.csv,indobert,emotion,codemixing,ms,0.2,0.976521821452239,0.0034238646823865817,0.8213575688724793,0.006654572288474829,0.1551642525797596,0.004157945897187867,0.9311981102345704,0.00033472235788713526,0.618896601344315
indobert-emotion-codemixing-ms-adv-0.4-train.csv,indobert,emotion,codemixing,ms,0.4,0.976521821452239,0.0034238646823865817,0.7869923317239421,0.004183731855341161,0.18952948972829697,0.0025455513887623856,0.9131145435009368,0.0003823009898063806,0.8428405850610622
indobert-emotion-codemixing-ms-adv-0.6-train.csv,indobert,emotion,codemixing,ms,0.6,0.976521821452239,0.0034238646823865817,0.7651235444476002,0.0053057488475629815,0.21139827700463887,0.004511503382540451,0.8967931857984152,0.000534563617317805,0.9814222474675756
indobert-emotion-codemixing-ms-adv-0.8-train.csv,indobert,emotion,codemixing,ms,0.8,0.976521821452239,0.0034238646823865817,0.7309476474486415,0.008601962845101245,0.2455741740035975,0.011919409815800064,0.8729587956616894,0.0090355114426279,4.456001136040897
indobert-emotion-codemixing-su-adv-0.2-train.csv,indobert,emotion,codemixing,su,0.2,0.976521821452239,0.0034238646823865817,0.7610527312316577,0.004617532291302547,0.21546909022058128,0.0014574272761849283,0.9240504715531364,0.00029393705705875754,0.6576065701031905
indobert-emotion-codemixing-su-adv-0.4-train.csv,indobert,emotion,codemixing,su,0.4,0.976521821452239,0.0034238646823865817,0.6861687020732746,0.0017275667510077528,0.29035311937896435,0.0020934719670070373,0.8965739604904944,0.0005203812725602426,0.839659045725646
indobert-emotion-codemixing-su-adv-0.6-train.csv,indobert,emotion,codemixing,su,0.6,0.976521821452239,0.0034238646823865817,0.6457445801382183,0.004889047177383458,0.3307772413140207,0.001664148048021202,0.8687142186952362,0.0002822095804627442,1.0222568872479407
indobert-emotion-codemixing-su-adv-0.8-train.csv,indobert,emotion,codemixing,su,0.8,0.976521821452239,0.0034238646823865817,0.6071191896241599,0.02560873645096446,0.3694026318280792,0.024938512855537366,0.8369245002379327,0.007472093189493328,3.464849474581085
indobert-emotion-sr-adv-0.2-train.csv,indobert,emotion,sr,id,0.2,0.976521821452239,0.0034238646823865817,0.8002461421944523,0.008388324233656557,0.17627567925778664,0.007800377565128971,0.9349977080292756,0.0006659408458094612,0.17115938653791532
indobert-emotion-sr-adv-0.4-train.csv,indobert,emotion,sr,id,0.4,0.976521821452239,0.0034238646823865817,0.7612420713812366,0.0014574272761847926,0.21527975007100256,0.004202967505523569,0.9227124068585916,0.0005602467566096058,0.2679564328315819
indobert-emotion-sr-adv-0.6-train.csv,indobert,emotion,sr,id,0.6,0.976521821452239,0.0034238646823865817,0.7270661743822777,0.01601827736688846,0.24945564706996123,0.016898807235441828,0.9117353768564475,0.0004737020048116933,0.32404454227018836
indobert-emotion-sr-adv-0.8-train.csv,indobert,emotion,sr,id,0.8,0.976521821452239,0.0034238646823865817,0.7336930796175328,0.016975007034522347,0.24282874183470612,0.01730132849817432,0.8996468891073054,0.0011043653230474386,0.3391664678595096
indobert-sentiment-codemixing-en-adv-0.2-train.csv,indobert,sentiment,codemixing,en,0.2,0.9914545454545455,0.00024052284646040943,0.9447878787878787,0.004637551838237661,0.0466666666666666,0.004798702763181497,0.9279485166650265,0.001418442757085965,0.5573239393939394
indobert-sentiment-codemixing-en-adv-0.4-train.csv,indobert,sentiment,codemixing,en,0.4,0.9914545454545455,0.00024052284646040943,0.918,0.004409793758412755,0.07345454545454544,0.004489657536314803,0.8615848120057561,0.0018360873693153306,0.6514556181818182
indobert-sentiment-codemixing-en-adv-0.6-train.csv,indobert,sentiment,codemixing,en,0.6,0.9914545454545455,0.00024052284646040943,0.9002727272727274,0.0040175235989062825,0.09118181818181799,0.004110056201984446,0.7972851931420578,0.002759829187661863,0.756809906060606
indobert-sentiment-codemixing-en-adv-0.8-train.csv,indobert,sentiment,codemixing,en,0.8,0.9914545454545455,0.00024052284646040943,0.888939393939394,0.002506740225167706,0.10251515151515143,0.0027034311429927653,0.7373456538379983,0.002917651257342624,0.8843121575757577
indobert-sentiment-codemixing-fr-adv-0.2-train.csv,indobert,sentiment,codemixing,fr,0.2,0.9914545454545455,0.00024052284646040943,0.9387575757575757,0.0068214133755967995,0.0526969696969696,0.006941510858793866,0.9509258691351862,0.002562113816362786,0.6407581181818182
indobert-sentiment-codemixing-fr-adv-0.4-train.csv,indobert,sentiment,codemixing,fr,0.4,0.9914545454545455,0.00024052284646040943,0.9050909090909091,0.009134441226967579,0.08636363636363631,0.009220440820569123,0.9099456725799563,0.0025562546704286948,0.8340566939393939
indobert-sentiment-codemixing-fr-adv-0.6-train.csv,indobert,sentiment,codemixing,fr,0.6,0.9914545454545455,0.00024052284646040943,0.934030303030303,0.05632053581794959,0.0574242424242423,0.056397521583588656,0.9266256832169426,0.055113592450407395,0.7144055545454545
indobert-sentiment-codemixing-fr-adv-0.8-train.csv,indobert,sentiment,codemixing,fr,0.8,0.9914545454545455,0.00024052284646040943,0.9278181818181818,0.06196393245767916,0.0636363636363636,0.06204057589877148,0.9030845211153341,0.07231830739169788,0.7655442424242423
indobert-sentiment-codemixing-it-adv-0.2-train.csv,indobert,sentiment,codemixing,it,0.2,0.9914545454545455,0.00024052284646040943,0.9253030303030303,0.008534971003322069,0.0661515151515151,0.008625032438953536,0.9590234459189304,0.002409148276031103,0.7516021818181818
indobert-sentiment-codemixing-it-adv-0.4-train.csv,indobert,sentiment,codemixing,it,0.4,0.9914545454545455,0.00024052284646040943,0.8772727272727273,0.009214164446453144,0.1141818181818181,0.009301204045402557,0.9260283223984368,0.00261866505068013,0.9212906212121212
indobert-sentiment-codemixing-it-adv-0.6-train.csv,indobert,sentiment,codemixing,it,0.6,0.9914545454545455,0.00024052284646040943,0.9123333333333333,0.06587349090801026,0.07912121212121202,0.06595041546704214,0.9331931961903518,0.03952610759939567,0.7178852818181817
indobert-sentiment-codemixing-it-adv-0.8-train.csv,indobert,sentiment,codemixing,it,0.8,0.9914545454545455,0.00024052284646040943,0.9045151515151515,0.07421848098762328,0.08693939393939391,0.07429950186886464,0.9119051772407961,0.05122464469976657,0.8065794000000001
indobert-sentiment-codemixing-jw-adv-0.2-train.csv,indobert,sentiment,codemixing,jw,0.2,0.9914545454545455,0.00024052284646040943,0.9550000000000001,0.0013636363636363863,0.03645454545454533,0.0015534552264213316,0.9603483211341682,0.00013879022306741276,0.7451388363636364
indobert-sentiment-codemixing-jw-adv-0.4-train.csv,indobert,sentiment,codemixing,jw,0.4,0.9914545454545455,0.00024052284646040943,0.9373939393939393,0.0026258935249563156,0.054060606060606,0.002795115771539426,0.9291811175718904,0.0006682000020841387,0.9747240121212122
indobert-sentiment-codemixing-jw-adv-0.6-train.csv,indobert,sentiment,codemixing,jw,0.6,0.9914545454545455,0.00024052284646040943,0.925969696969697,0.0031153224808644683,0.06548484848484837,0.0032171201809931263,0.9035908771755569,0.001597658334340899,1.0812518363636363
indobert-sentiment-codemixing-jw-adv-0.8-train.csv,indobert,sentiment,codemixing,jw,0.8,0.9914545454545455,0.00024052284646040943,0.9173636363636364,0.005547689564506327,0.07409090909090893,0.0056047500515631395,0.8814756635158801,0.001724553802007316,1.4040717727272727
indobert-sentiment-codemixing-ms-adv-0.2-train.csv,indobert,sentiment,codemixing,ms,0.2,0.9914545454545455,0.00024052284646040943,0.9683333333333334,0.0015002295508468166,0.023121212121212,0.0013246965451148966,0.9743635824241421,0.0007626913493801223,0.6830025666666666
indobert-sentiment-codemixing-ms-adv-0.4-train.csv,indobert,sentiment,codemixing,ms,0.4,0.9914545454545455,0.00024052284646040943,0.9566666666666666,0.004124441693580759,0.034787878787878763,0.0039263186270899605,0.9562259595132235,0.0011028446968577572,0.7619972666666666
indobert-sentiment-codemixing-ms-adv-0.6-train.csv,indobert,sentiment,codemixing,ms,0.6,0.9914545454545455,0.00024052284646040943,0.9485757575757575,0.0054167885131453436,0.04287878787878787,0.005228919371738672,0.9407756335861756,0.001468448843113462,0.8880401757575758
indobert-sentiment-codemixing-ms-adv-0.8-train.csv,indobert,sentiment,codemixing,ms,0.8,0.9914545454545455,0.00024052284646040943,0.944060606060606,0.006727477474361666,0.04739393939393934,0.006548820683267939,0.9270497668629343,0.0013468676726167994,1.2071205212121214
indobert-sentiment-codemixing-su-adv-0.2-train.csv,indobert,sentiment,codemixing,su,0.2,0.9914545454545455,0.00024052284646040943,0.9516666666666667,0.0022422194828709066,0.039787878787878705,0.0023094010767582677,0.9686065139303152,0.0017051649068284954,0.6884527666666665
indobert-sentiment-codemixing-su-adv-0.4-train.csv,indobert,sentiment,codemixing,su,0.4,0.9914545454545455,0.00024052284646040943,0.933969696969697,0.001021800927277999,0.057484848484848305,0.0010457838743477734,0.9460189429677346,0.0018725967017840985,0.7387212212121211
indobert-sentiment-codemixing-su-adv-0.6-train.csv,indobert,sentiment,codemixing,su,0.6,0.9914545454545455,0.00024052284646040943,0.9207272727272727,0.002137813821146374,0.0707272727272726,0.0020469691362178786,0.921937572469088,0.0022243077220568184,0.8277229848484849
indobert-sentiment-codemixing-su-adv-0.8-train.csv,indobert,sentiment,codemixing,su,0.8,0.9914545454545455,0.00024052284646040943,0.9141515151515153,0.002748904114224512,0.07730303030303014,0.0026384526728533628,0.8988348322332357,0.0018853075519034575,1.0017833939393939
indobert-sentiment-sr-adv-0.2-train.csv,indobert,sentiment,sr,id,0.2,0.9914545454545455,0.00024052284646040943,0.9581818181818181,0.002921847032725136,0.03327272727272717,0.00299172412216441,0.9779924064836267,0.0017966518556544865,0.35329315151515145
indobert-sentiment-sr-adv-0.4-train.csv,indobert,sentiment,sr,id,0.4,0.9914545454545455,0.00024052284646040943,0.9409090909090909,0.007662293638438297,0.05054545454545447,0.0074428955531348736,0.9604461149135322,0.0016848107698200037,0.23387063333333327
indobert-sentiment-sr-adv-0.6-train.csv,indobert,sentiment,sr,id,0.6,0.9914545454545455,0.00024052284646040943,0.9261515151515152,0.01089746855635008,0.06530303030303017,0.011026014817458836,0.9429016056094657,0.0019972741992364826,0.4235226545454545
indobert-sentiment-sr-adv-0.8-train.csv,indobert,sentiment,sr,id,0.8,0.9914545454545455,0.00024052284646040943,0.9221515151515152,0.0019291871566541842,0.06930303030303013,0.0019610532954379293,0.9232802689646681,0.002642883711089906,0.39007358484848487
indobertlarge-emotion-codemixing-en-adv-0.2-train.csv,indobertlarge,emotion,codemixing,en,0.2,0.9854208084824387,0.0022956273128811626,0.8217362491716368,0.0014294867812687116,0.16368455931080184,0.0008676655675387573,0.9046933503320167,0.0003659699139209262,0.7085209978225883
indobertlarge-emotion-codemixing-en-adv-0.4-train.csv,indobertlarge,emotion,codemixing,en,0.4,0.9854208084824387,0.0022956273128811626,0.7705197387105936,0.0032753656900512897,0.21490106977184506,0.0032671464407340632,0.8507306305154655,0.0010048756599402595,0.9425281075452051
indobertlarge-emotion-codemixing-en-adv-0.6-train.csv,indobertlarge,emotion,codemixing,en,0.6,0.9854208084824387,0.0022956273128811626,0.7389946038057369,0.0021442301719030795,0.2464262046767017,0.004439410806662265,0.7911089832076214,0.0009378424853969228,1.038411900028401
indobertlarge-emotion-codemixing-en-adv-0.8-train.csv,indobertlarge,emotion,codemixing,en,0.8,0.9854208084824387,0.0022956273128811626,0.7164631260058695,0.015874960599688216,0.2689576824765691,0.01698609094496532,0.7164113344353962,0.020232907242112363,3.1916080280223422
indobertlarge-emotion-codemixing-fr-adv-0.2-train.csv,indobertlarge,emotion,codemixing,fr,0.2,0.9854208084824387,0.0022956273128811626,0.7739278614030104,0.007657749936218518,0.21149294707942815,0.009757449470686325,0.908360904158657,0.0003900770315215211,0.8324761620751678
indobertlarge-emotion-codemixing-fr-adv-0.4-train.csv,indobertlarge,emotion,codemixing,fr,0.4,0.9854208084824387,0.0022956273128811626,0.6986651519454701,0.010439066145691026,0.28675565653696866,0.012721417892894852,0.8606120054495895,0.0010654360913838056,1.1447674997633248
indobertlarge-emotion-codemixing-fr-adv-0.6-train.csv,indobertlarge,emotion,codemixing,fr,0.6,0.9854208084824387,0.0022956273128811626,0.6576730095616775,0.006818217392797823,0.32774779892076117,0.009101630422585688,0.810276047623311,0.0008909653443038943,1.3905403767868976
indobertlarge-emotion-codemixing-fr-adv-0.8-train.csv,indobertlarge,emotion,codemixing,fr,0.8,0.9854208084824387,0.0022956273128811626,0.6052257881283727,0.05619384701010752,0.38019502035406605,0.05689380073669536,0.7360934288635347,0.033959746057229824,3.716844532803181
indobertlarge-emotion-codemixing-it-adv-0.2-train.csv,indobertlarge,emotion,codemixing,it,0.2,0.9854208084824387,0.0022956273128811626,0.7538578055476663,0.0018259302775712695,0.23156300293477225,0.003328296096042216,0.9098602479903364,0.0002836647263532926,0.9017587711824292
indobertlarge-emotion-codemixing-it-adv-0.4-train.csv,indobertlarge,emotion,codemixing,it,0.4,0.9854208084824387,0.0022956273128811626,0.6695067689103474,0.011404109830789056,0.31591403957209124,0.013212836137554794,0.8666149096967799,0.0006909317089124241,1.467891224084067
indobertlarge-emotion-codemixing-it-adv-0.6-train.csv,indobertlarge,emotion,codemixing,it,0.6,0.9854208084824387,0.0022956273128811626,0.626147874656821,0.01052882760979799,0.3592729338256177,0.01217937043021394,0.8232093009440712,0.0006013883066723637,1.4358900407081319
indobertlarge-emotion-codemixing-it-adv-0.8-train.csv,indobertlarge,emotion,codemixing,it,0.8,0.9854208084824387,0.0022956273128811626,0.5825996402537158,0.042389259396161755,0.4028211682287229,0.04275493854360799,0.7643047408945383,0.02732858610726453,2.9146367509230324
indobertlarge-emotion-codemixing-jw-adv-0.2-train.csv,indobertlarge,emotion,codemixing,jw,0.2,0.9854208084824387,0.0022956273128811626,0.7985420808482439,0.008865184026211857,0.18687872763419477,0.009154650077413392,0.9218039724012672,0.0007380038201059132,0.9310925210640916
indobertlarge-emotion-codemixing-jw-adv-0.4-train.csv,indobertlarge,emotion,codemixing,jw,0.4,0.9854208084824387,0.0022956273128811626,0.7335037394679542,0.007810711476790031,0.25191706901448446,0.00938953436797302,0.8943796907761868,0.0005723549900102686,1.2901847581179589
indobertlarge-emotion-codemixing-jw-adv-0.6-train.csv,indobertlarge,emotion,codemixing,jw,0.6,0.9854208084824387,0.0022956273128811626,0.6940263182807915,0.016394878163961533,0.2913944902016472,0.017394322065075372,0.8676351120678367,0.00047818974325324987,1.5501951434251635
indobertlarge-emotion-codemixing-jw-adv-0.8-train.csv,indobertlarge,emotion,codemixing,jw,0.8,0.9854208084824387,0.0022956273128811626,0.65435955694405,0.03591466224902827,0.33106125153838867,0.03634924063672036,0.8359289290319095,0.009438541686300903,4.443533428003408
indobertlarge-emotion-codemixing-ms-adv-0.2-train.csv,indobertlarge,emotion,codemixing,ms,0.2,0.9854208084824387,0.0022956273128811626,0.8498532613840765,0.006352778214449504,0.13556754709836213,0.004564825693928298,0.9297355303360434,0.00019799207959451742,0.8015264508188963
indobertlarge-emotion-codemixing-ms-adv-0.4-train.csv,indobertlarge,emotion,codemixing,ms,0.4,0.9854208084824387,0.0022956273128811626,0.8257123923127899,0.0038768522634561263,0.15970841616964876,0.0027584592036985216,0.9113672073360229,0.00019878071985957456,1.0288010603048379
indobertlarge-emotion-codemixing-ms-adv-0.6-train.csv,indobertlarge,emotion,codemixing,ms,0.6,0.9854208084824387,0.0022956273128811626,0.8092397992994415,0.0028448318093944715,0.17618100918299726,0.0030368294863856366,0.8952672225291346,0.00036563402583713174,1.1910328315819367
indobertlarge-emotion-codemixing-ms-adv-0.8-train.csv,indobertlarge,emotion,codemixing,ms,0.8,0.9854208084824387,0.0022956273128811626,0.7894537536684654,0.018132964865820236,0.19596705481397325,0.018686491507635343,0.8755041682211205,0.00803006516437947,3.8145560352172674
indobertlarge-emotion-codemixing-su-adv-0.2-train.csv,indobertlarge,emotion,codemixing,su,0.2,0.9854208084824387,0.0022956273128811626,0.7883177127709932,0.005285439686531488,0.19710309571144555,0.006786596504032134,0.9218477038037965,0.000186528981759593,0.7976008520306731
indobertlarge-emotion-codemixing-su-adv-0.4-train.csv,indobertlarge,emotion,codemixing,su,0.4,0.9854208084824387,0.0022956273128811626,0.7302849569251161,0.009446631485065062,0.2551358515573227,0.011439420400883719,0.8940014748041527,0.0004082707509387376,1.034402650762094
indobertlarge-emotion-codemixing-su-adv-0.6-train.csv,indobertlarge,emotion,codemixing,su,0.6,0.9854208084824387,0.0022956273128811626,0.6922275868597936,0.00719243393476189,0.29319322162264505,0.009200061053304022,0.8666704856532886,0.0006331164902063782,1.192040603995077
indobertlarge-emotion-codemixing-su-adv-0.8-train.csv,indobertlarge,emotion,codemixing,su,0.8,0.9854208084824387,0.0022956273128811626,0.6564422985894159,0.032884328778699,0.32897850989302274,0.03360494298325265,0.8344175622726292,0.0071765772718950654,3.3271769478367896
indobertlarge-emotion-sr-adv-0.2-train.csv,indobertlarge,emotion,sr,id,0.2,0.9854208084824387,0.0022956273128811626,0.8386821925589322,0.007875844716763435,0.14673861592350654,0.008436267037286406,0.934526008759147,0.00029813718400009475,0.3244818801476853
indobertlarge-emotion-sr-adv-0.4-train.csv,indobertlarge,emotion,sr,id,0.4,0.9854208084824387,0.0022956273128811626,0.7979740603995076,0.014184408175455238,0.18744674808293096,0.014711071668809906,0.9221843662881145,0.0009248626018278251,0.773050724226072
indobertlarge-emotion-sr-adv-0.6-train.csv,indobertlarge,emotion,sr,id,0.6,0.9854208084824387,0.0022956273128811626,0.7783773549181104,0.007892895710345446,0.20704345356432827,0.008859116137734855,0.910293861631839,0.000894342827817062,0.4898148348007194
indobertlarge-emotion-sr-adv-0.8-train.csv,indobertlarge,emotion,sr,id,0.8,0.9854208084824387,0.0022956273128811626,0.7667329357190192,0.017448339432344227,0.21868787276341947,0.018643275696990955,0.8992318155655387,0.00025163335284408606,0.7519258070623875
indobertlarge-sentiment-codemixing-en-adv-0.2-train.csv,indobertlarge,sentiment,codemixing,en,0.2,0.9899999999999999,0.0055988487600592725,0.9507575757575758,0.010314209621206761,0.039242424242424134,0.004866255313004994,0.9261538253331162,0.002179292230769726,0.8965739666666667
indobertlarge-sentiment-codemixing-en-adv-0.4-train.csv,indobertlarge,sentiment,codemixing,en,0.4,0.9899999999999999,0.0055988487600592725,0.9369090909090909,0.011012014475558838,0.053090909090909,0.005572215607535162,0.8589620420291003,0.001886604375890795,0.8444100181818182
indobertlarge-sentiment-codemixing-en-adv-0.6-train.csv,indobertlarge,sentiment,codemixing,en,0.6,0.9899999999999999,0.0055988487600592725,0.9267575757575758,0.011957684804982839,0.06324242424242406,0.006654603410908322,0.793867987873823,0.0017510417155412385,0.9915284
indobertlarge-sentiment-codemixing-en-adv-0.8-train.csv,indobertlarge,sentiment,codemixing,en,0.8,0.9899999999999999,0.0055988487600592725,0.9345757575757577,0.03693979168006231,0.055424242424242265,0.03248856548160218,0.8088779713106765,0.13009983575374579,0.9921297060606059
indobertlarge-sentiment-codemixing-fr-adv-0.2-train.csv,indobertlarge,sentiment,codemixing,fr,0.2,0.9899999999999999,0.0055988487600592725,0.9461212121212123,0.010507114210658036,0.04387878787878774,0.0049093714846866945,0.9499092174056692,0.001893913538315076,0.9223186757575755
indobertlarge-sentiment-codemixing-fr-adv-0.4-train.csv,indobertlarge,sentiment,codemixing,fr,0.4,0.9899999999999999,0.0055988487600592725,0.9246363636363637,0.009722173684779876,0.0653636363636362,0.004130115160582006,0.9077058189359466,0.0015027351333775543,0.9290155606060605
indobertlarge-sentiment-codemixing-fr-adv-0.6-train.csv,indobertlarge,sentiment,codemixing,fr,0.6,0.9899999999999999,0.0055988487600592725,0.9077272727272727,0.009845080996858801,0.0822727272727271,0.004280457224361192,0.8638998221399996,0.0015178410906412762,1.1590343151515154
indobertlarge-sentiment-codemixing-fr-adv-0.8-train.csv,indobertlarge,sentiment,codemixing,fr,0.8,0.9899999999999999,0.0055988487600592725,0.8804545454545455,0.013266810636426828,0.10954545454545439,0.01429442473527331,0.7921177715155663,0.049019897430497124,2.5003657272727273
indobertlarge-sentiment-codemixing-it-adv-0.2-train.csv,indobertlarge,sentiment,codemixing,it,0.2,0.9899999999999999,0.0055988487600592725,0.9398787878787879,0.010553810691413512,0.050121212121211935,0.005389255712525363,0.9582311466288838,0.0017443788001216428,0.9853496272727273
indobertlarge-sentiment-codemixing-it-adv-0.4-train.csv,indobertlarge,sentiment,codemixing,it,0.4,0.9899999999999999,0.0055988487600592725,0.9121212121212121,0.012533041729214182,0.07787878787878766,0.008555281261628082,0.9246468835389523,0.0016884891251107426,1.1161395242424241
indobertlarge-sentiment-codemixing-it-adv-0.6-train.csv,indobertlarge,sentiment,codemixing,it,0.6,0.9899999999999999,0.0055988487600592725,0.8915757575757576,0.013470608756677752,0.0984242424242423,0.00922999661243533,0.8898048799040191,0.0017113872417194723,1.287062421212121
indobertlarge-sentiment-codemixing-it-adv-0.8-train.csv,indobertlarge,sentiment,codemixing,it,0.8,0.9899999999999999,0.0055988487600592725,0.9197575757575757,0.05206236988580827,0.07024242424242413,0.053779803064262555,0.9118943761995797,0.04871304019810937,1.2305164545454546
indobertlarge-sentiment-codemixing-jw-adv-0.2-train.csv,indobertlarge,sentiment,codemixing,jw,0.2,0.9899999999999999,0.0055988487600592725,0.9570606060606061,0.007535224902089381,0.03293939393939383,0.001944123022102315,0.9604276674942988,0.002201927003240722,1.0505482242424242
indobertlarge-sentiment-codemixing-jw-adv-0.4-train.csv,indobertlarge,sentiment,codemixing,jw,0.4,0.9899999999999999,0.0055988487600592725,0.9443030303030304,0.007443635771491123,0.04569696969696944,0.0018459993224870003,0.929582371965728,0.002357116420373143,1.080437815151515
indobertlarge-sentiment-codemixing-jw-adv-0.6-train.csv,indobertlarge,sentiment,codemixing,jw,0.6,0.9899999999999999,0.0055988487600592725,0.9363030303030303,0.007576787808736875,0.05369696969696957,0.002475221558383346,0.9035640712463947,0.0019053673995500038,1.259212824242424
indobertlarge-sentiment-codemixing-jw-adv-0.8-train.csv,indobertlarge,sentiment,codemixing,jw,0.8,0.9899999999999999,0.0055988487600592725,0.9401212121212121,0.02544583184190917,0.049878787878787696,0.021673256043986792,0.9100393163071888,0.05050781631312798,1.344399481818182
indobertlarge-sentiment-codemixing-ms-adv-0.2-train.csv,indobertlarge,sentiment,codemixing,ms,0.2,0.9899999999999999,0.0055988487600592725,0.9677878787878789,0.007077103888529286,0.022212121212121034,0.00168202291956088,0.9746777282411402,0.0013524808850898463,0.8110008999999999
indobertlarge-sentiment-codemixing-ms-adv-0.4-train.csv,indobertlarge,sentiment,codemixing,ms,0.4,0.9899999999999999,0.0055988487600592725,0.9604545454545453,0.005686725153830323,0.02954545454545453,0.0007767276132105536,0.9568573427597681,0.0015810553560639865,0.8776229363636364
indobertlarge-sentiment-codemixing-ms-adv-0.6-train.csv,indobertlarge,sentiment,codemixing,ms,0.6,0.9899999999999999,0.0055988487600592725,0.9620303030303029,0.0025974134198909196,0.027969696969696933,0.008161759924726536,0.9526355949748645,0.018659506669510727,1.0525899818181816
indobertlarge-sentiment-codemixing-ms-adv-0.8-train.csv,indobertlarge,sentiment,codemixing,ms,0.8,0.9899999999999999,0.0055988487600592725,0.959181818181818,0.015357718063964817,0.030818181818181734,0.011354905737060224,0.941634204448624,0.025253007232825968,1.1819023515151514
indobertlarge-sentiment-codemixing-su-adv-0.2-train.csv,indobertlarge,sentiment,codemixing,su,0.2,0.9899999999999999,0.0055988487600592725,0.9524545454545454,0.007456208240272976,0.03754545454545443,0.0019047569854324638,0.9676506341589671,0.001556664268452962,0.7964053696969696
indobertlarge-sentiment-codemixing-su-adv-0.4-train.csv,indobertlarge,sentiment,codemixing,su,0.4,0.9899999999999999,0.0055988487600592725,0.9398787878787879,0.005552404983601955,0.050121212121212004,0.0011864710272999422,0.9444966114797827,0.0014156427796253878,0.8519119242424242
indobertlarge-sentiment-codemixing-su-adv-0.6-train.csv,indobertlarge,sentiment,codemixing,su,0.6,0.9899999999999999,0.0055988487600592725,0.9314848484848485,0.003820706236188696,0.058515151515151374,0.002107313775844174,0.9210229193922697,0.0011769922338322148,0.9841928757575759
indobertlarge-sentiment-codemixing-su-adv-0.8-train.csv,indobertlarge,sentiment,codemixing,su,0.8,0.9899999999999999,0.0055988487600592725,0.9394242424242424,0.030327459849724406,0.05057575757575747,0.02731547155415596,0.9173717998729058,0.03395446724963504,1.0767092212121214
indobertlarge-sentiment-sr-adv-0.2-train.csv,indobertlarge,sentiment,sr,id,0.2,0.9899999999999999,0.0055988487600592725,0.9594242424242424,0.008264898060164116,0.030575757575757468,0.0026695920593014376,0.97575575459455,0.001867676723467901,0.6682613515151515
indobertlarge-sentiment-sr-adv-0.4-train.csv,indobertlarge,sentiment,sr,id,0.4,0.9899999999999999,0.0055988487600592725,0.9489090909090909,0.006643831414761252,0.041090909090908935,0.0027453943400986528,0.9588231373353663,0.0015391436298378435,0.5109383545454546
indobertlarge-sentiment-sr-adv-0.6-train.csv,indobertlarge,sentiment,sr,id,0.6,0.9899999999999999,0.0055988487600592725,0.9376666666666665,0.007269506862748509,0.05233333333333323,0.001701563047438285,0.9394492200531742,0.0009434003748206722,0.3687646727272727
indobertlarge-sentiment-sr-adv-0.8-train.csv,indobertlarge,sentiment,sr,id,0.8,0.9899999999999999,0.0055988487600592725,0.9282424242424243,0.007282001662274401,0.0617575757575756,0.003674047167570544,0.9224350180666555,0.002770849961914645,0.6157475636363635
mbert-emotion-codemixing-en-adv-0.2-train.csv,mbert,emotion,codemixing,en,0.2,0.860266969610906,0.005587138759700615,0.6595664110574647,0.009888831984337492,0.20070055855344124,0.006656592192084443,0.9142984576148766,0.0003411756925336109,0.6765963552021207
mbert-emotion-codemixing-en-adv-0.4-train.csv,mbert,emotion,codemixing,en,0.4,0.860266969610906,0.005587138759700615,0.6233077724131402,0.014926982270711752,0.2369591971977658,0.013683674308552196,0.8665341759869561,0.0012634498387130827,0.5754752153744201
mbert-emotion-codemixing-en-adv-0.6-train.csv,mbert,emotion,codemixing,en,0.6,0.860266969610906,0.005587138759700615,0.599261573416643,0.018451923738461617,0.261005396194263,0.018686491507635333,0.8133929808443607,0.0019044988191156092,0.646795077156111
mbert-emotion-codemixing-en-adv-0.8-train.csv,mbert,emotion,codemixing,en,0.8,0.860266969610906,0.005587138759700615,0.5739846634478841,0.029195090688922582,0.2862823061630219,0.026546981231883104,0.7462581822264759,0.01875351753160545,1.6839861497680584
mbert-emotion-codemixing-fr-adv-0.2-train.csv,mbert,emotion,codemixing,fr,0.2,0.860266969610906,0.005587138759700615,0.6417684369970652,0.014009891685078792,0.21849853261384078,0.009463693446261025,0.917466725366569,0.0006022112592335848,0.6342047997727916
mbert-emotion-codemixing-fr-adv-0.4-train.csv,mbert,emotion,codemixing,fr,0.4,0.860266969610906,0.005587138759700615,0.5976521821452239,0.01065069897604396,0.26261478746568206,0.00853134442367197,0.8767618322989192,0.001140364633693036,0.8555395531572471
mbert-emotion-codemixing-fr-adv-0.6-train.csv,mbert,emotion,codemixing,fr,0.6,0.860266969610906,0.005587138759700615,0.5680204487361545,0.017071353509967264,0.2922465208747514,0.016647941936668888,0.8319702018329188,0.0014892922493108024,1.0204973587049133
mbert-emotion-codemixing-fr-adv-0.8-train.csv,mbert,emotion,codemixing,fr,0.8,0.860266969610906,0.005587138759700615,0.5541986178169082,0.014170184411298027,0.3060683517939979,0.013532523430524914,0.7839938267877832,0.0012126215243270135,1.2486668844078386
mbert-emotion-codemixing-it-adv-0.2-train.csv,mbert,emotion,codemixing,it,0.2,0.860266969610906,0.005587138759700615,0.6381709741550695,0.012152850267159686,0.22209599545583636,0.006910267004030989,0.9194002606818975,0.00034618246836986015,0.6885120609675282
mbert-emotion-codemixing-it-adv-0.4-train.csv,mbert,emotion,codemixing,it,0.4,0.860266969610906,0.005587138759700615,0.5914039572091262,0.01477217237511274,0.26886301240177973,0.012315481535649304,0.882078521784554,0.0009982545262594788,0.8898454700369213
mbert-emotion-codemixing-it-adv-0.6-train.csv,mbert,emotion,codemixing,it,0.6,0.860266969610906,0.005587138759700615,0.5616775537252674,0.013636434785595676,0.29858941588563853,0.01437084251482608,0.8443322418409068,0.0007727246819457113,1.073168512733125
mbert-emotion-codemixing-it-adv-0.8-train.csv,mbert,emotion,codemixing,it,0.8,0.860266969610906,0.005587138759700615,0.5462463315346019,0.01028859459639733,0.31402063807630404,0.012603570380113675,0.8052949841448745,0.0005070642536873383,1.3318454889709364
mbert-emotion-codemixing-jw-adv-0.2-train.csv,mbert,emotion,codemixing,jw,0.2,0.860266969610906,0.005587138759700615,0.6411057464735397,0.013237232839919249,0.2191612231373662,0.009641021188739279,0.9307953342097078,0.0005567965009751171,0.9373270472403674
mbert-emotion-codemixing-jw-adv-0.4-train.csv,mbert,emotion,codemixing,jw,0.4,0.860266969610906,0.005587138759700615,0.5950960901259111,0.011861748590689275,0.26517087948499474,0.007831338391606072,0.9068379120473257,0.0002142721639309646,0.9697910631449398
mbert-emotion-codemixing-jw-adv-0.6-train.csv,mbert,emotion,codemixing,jw,0.6,0.860266969610906,0.005587138759700615,0.5651803464924737,0.002797176314057458,0.2950866231184322,0.0028401022436806977,0.8828780780523707,0.0001696969333104439,1.1590801666193318
mbert-emotion-codemixing-jw-adv-0.8-train.csv,mbert,emotion,codemixing,jw,0.8,0.860266969610906,0.005587138759700615,0.5681151188109439,0.09249072507398158,0.29215185079996214,0.0879745833821908,0.8699629557713363,0.04610701577943696,4.597744135188866
mbert-emotion-codemixing-ms-adv-0.2-train.csv,mbert,emotion,codemixing,ms,0.2,0.860266969610906,0.005587138759700615,0.6717788507052921,0.013218939534356149,0.1884881189056139,0.0077796685616025475,0.9373607155551719,0.0003954128997732104,0.5957209410205434
mbert-emotion-codemixing-ms-adv-0.4-train.csv,mbert,emotion,codemixing,ms,0.4,0.860266969610906,0.005587138759700615,0.6449872195399035,0.015617980215697309,0.21527975007100253,0.01046992819719791,0.9216694695095464,0.00022982421711697699,0.7686328505159518
mbert-emotion-codemixing-ms-adv-0.6-train.csv,mbert,emotion,codemixing,ms,0.6,0.860266969610906,0.005587138759700615,0.6252958439837167,0.012461976841355112,0.23497112562718925,0.007727653256515173,0.9074032824120771,0.00018378431234539932,0.8038408596042791
mbert-emotion-codemixing-ms-adv-0.8-train.csv,mbert,emotion,codemixing,ms,0.8,0.860266969610906,0.005587138759700615,0.6117580232888383,0.010691014044145731,0.24850894632206755,0.005658863631119353,0.893739676662865,0.00015534040809582082,0.9482834043358895
mbert-emotion-codemixing-su-adv-0.2-train.csv,mbert,emotion,codemixing,su,0.2,0.860266969610906,0.005587138759700615,0.6454605699138503,0.008569080005209596,0.21480639969705576,0.004493588672273338,0.931079072665279,0.000600443048168128,0.6968256271892455
mbert-emotion-codemixing-su-adv-0.4-train.csv,mbert,emotion,codemixing,su,0.4,0.860266969610906,0.005587138759700615,0.600586954463694,0.007590745540244646,0.2596800151472119,0.0038139235214396374,0.9068722789961653,0.0008057262111709364,0.8363681908548708
mbert-emotion-codemixing-su-adv-0.6-train.csv,mbert,emotion,codemixing,su,0.6,0.860266969610906,0.005587138759700615,0.5790021774117201,0.009373771689472015,0.2812647921991858,0.003938775738467308,0.8823621124311298,0.0005946789661911225,0.8065851651992805
mbert-emotion-codemixing-su-adv-0.8-train.csv,mbert,emotion,codemixing,su,0.8,0.860266969610906,0.005587138759700615,0.5663163873899459,0.007636654166287197,0.2939505822209599,0.0029922333862120627,0.8569710087826405,0.0004581424448163695,0.9922952096942156
mbert-emotion-sr-adv-0.2-train.csv,mbert,emotion,sr,id,0.2,0.860266969610906,0.005587138759700615,0.6500994035785288,0.007100255609201911,0.21016756603237718,0.001727566751007764,0.9415454549508079,0.00045362771230041425,0.148124254473161
mbert-emotion-sr-adv-0.4-train.csv,mbert,emotion,sr,id,0.4,0.860266969610906,0.005587138759700615,0.6217930512165104,0.012935202979418881,0.2384739183943955,0.010748702046037397,0.9311211126160241,0.00044921909091413266,0.26670489444286666
mbert-emotion-sr-adv-0.6-train.csv,mbert,emotion,sr,id,0.6,0.860266969610906,0.005587138759700615,0.5994509135662217,0.013430811179566078,0.26081605604468433,0.008455368043709803,0.9214198654767047,0.0006414479493738327,0.20930848243870107
mbert-emotion-sr-adv-0.8-train.csv,mbert,emotion,sr,id,0.8,0.860266969610906,0.005587138759700615,0.5919719776578622,0.011718075085601787,0.2682949919530437,0.010265047877323462,0.9116513290489521,0.0009260402649695875,0.24166993278424695
mbert-sentiment-codemixing-en-adv-0.2-train.csv,mbert,sentiment,codemixing,en,0.2,0.960090909090909,0.003332782323604256,0.9007575757575758,0.00694746123636934,0.059333333333333266,0.0036185168110492738,0.9271369563902757,0.0013257375939062907,0.5724835333333332
mbert-sentiment-codemixing-en-adv-0.4-train.csv,mbert,sentiment,codemixing,en,0.4,0.960090909090909,0.003332782323604256,0.8765454545454546,0.007321992232168343,0.08354545454545448,0.004324636324460482,0.8634530974799824,0.002526260842707072,0.6115109818181819
mbert-sentiment-codemixing-en-adv-0.6-train.csv,mbert,sentiment,codemixing,en,0.6,0.960090909090909,0.003332782323604256,0.9086969696969697,0.03698741502894481,0.051393939393939374,0.03727675514082735,0.9116124156254598,0.09855542767958034,0.5005533939393939
mbert-sentiment-codemixing-en-adv-0.8-train.csv,mbert,sentiment,codemixing,en,0.8,0.960090909090909,0.003332782323604256,0.884060606060606,0.03404085213864463,0.07603030303030296,0.03712969600022151,0.811860386250089,0.12769164581250994,0.722198503030303
mbert-sentiment-codemixing-fr-adv-0.2-train.csv,mbert,sentiment,codemixing,fr,0.2,0.960090909090909,0.003332782323604256,0.8987272727272727,0.006502383542635461,0.06136363636363631,0.003483135283757828,0.9478246521311954,0.0005594452444647037,0.6608903
mbert-sentiment-codemixing-fr-adv-0.4-train.csv,mbert,sentiment,codemixing,fr,0.4,0.960090909090909,0.003332782323604256,0.8766969696969698,0.006428457736543269,0.08339393939393934,0.003139107276019396,0.9080361659448933,0.00025368690343108443,0.7771484636363636
mbert-sentiment-codemixing-fr-adv-0.6-train.csv,mbert,sentiment,codemixing,fr,0.6,0.960090909090909,0.003332782323604256,0.8846060606060607,0.027071428831023436,0.07548484848484836,0.030071585849138275,0.8961131333614502,0.05321745321195531,0.6912239424242425
mbert-sentiment-codemixing-fr-adv-0.8-train.csv,mbert,sentiment,codemixing,fr,0.8,0.960090909090909,0.003332782323604256,0.8811818181818181,0.027138000559734757,0.07890909090909083,0.0302388562904099,0.8635620714643348,0.07025756919900902,1.0256228303030301
mbert-sentiment-codemixing-it-adv-0.2-train.csv,mbert,sentiment,codemixing,it,0.2,0.960090909090909,0.003332782323604256,0.8942424242424242,0.005071662753515758,0.06584848484848477,0.0018902388089394539,0.957395701963116,0.0005835904948160228,0.6527164303030304
mbert-sentiment-codemixing-it-adv-0.4-train.csv,mbert,sentiment,codemixing,it,0.4,0.960090909090909,0.003332782323604256,0.8673030303030304,0.00721873900604988,0.0927878787878787,0.004395088668925102,0.9257814606285909,0.0006643764176132579,0.8709198606060605
mbert-sentiment-codemixing-it-adv-0.6-train.csv,mbert,sentiment,codemixing,it,0.6,0.960090909090909,0.003332782323604256,0.8752121212121212,0.026499077378814097,0.08487878787878776,0.029732461784160374,0.9124709575654882,0.0361903072340203,0.7896148696969698
mbert-sentiment-codemixing-it-adv-0.8-train.csv,mbert,sentiment,codemixing,it,0.8,0.960090909090909,0.003332782323604256,0.8706060606060606,0.02893157120987687,0.08948484848484838,0.03207034279599048,0.8847848263048764,0.04799637687959083,1.123123084848485
mbert-sentiment-codemixing-jw-adv-0.2-train.csv,mbert,sentiment,codemixing,jw,0.2,0.960090909090909,0.003332782323604256,0.8856363636363636,0.009251758823181324,0.0744545454545454,0.012362633649178488,0.9625101177308596,0.0013383831480338112,0.6088106121212121
mbert-sentiment-codemixing-jw-adv-0.4-train.csv,mbert,sentiment,codemixing,jw,0.4,0.960090909090909,0.003332782323604256,0.8617878787878789,0.012461621524476024,0.09830303030303023,0.015538364500482732,0.9330647685324603,0.0017396927015830691,0.9142101333333333
mbert-sentiment-codemixing-jw-adv-0.6-train.csv,mbert,sentiment,codemixing,jw,0.6,0.960090909090909,0.003332782323604256,0.8967878787878788,0.04673225418559667,0.06330303030303024,0.04705442016750687,0.9515537784664018,0.03982979604964944,0.5187849666666667
mbert-sentiment-codemixing-jw-adv-0.8-train.csv,mbert,sentiment,codemixing,jw,0.8,0.960090909090909,0.003332782323604256,0.8942121212121211,0.04468783676595823,0.0658787878787879,0.04706293775565683,0.939331622749567,0.048970126206434185,0.7504975636363636
mbert-sentiment-codemixing-ms-adv-0.2-train.csv,mbert,sentiment,codemixing,ms,0.2,0.960090909090909,0.003332782323604256,0.9131212121212121,0.0012003213527476892,0.04696969696969683,0.0021326531284743644,0.9756204354573379,0.00034373164142926794,0.5931548606060605
mbert-sentiment-codemixing-ms-adv-0.4-train.csv,mbert,sentiment,codemixing,ms,0.4,0.960090909090909,0.003332782323604256,0.8974545454545454,0.002137813821146303,0.0626363636363636,0.004564505531139346,0.9584479849790082,0.00039552991654593695,0.7241380151515152
mbert-sentiment-codemixing-ms-adv-0.6-train.csv,mbert,sentiment,codemixing,ms,0.6,0.960090909090909,0.003332782323604256,0.8959090909090909,0.014871626987528868,0.06418181818181813,0.018189316635580904,0.9534108109889609,0.019755915320622455,0.6288916878787879
mbert-sentiment-codemixing-ms-adv-0.8-train.csv,mbert,sentiment,codemixing,ms,0.8,0.960090909090909,0.003332782323604256,0.8906363636363636,0.0176269890736238,0.06945454545454542,0.020929634176852188,0.9421177123468935,0.025336609673735366,0.8723707636363637
mbert-sentiment-codemixing-su-adv-0.2-train.csv,mbert,sentiment,codemixing,su,0.2,0.960090909090909,0.003332782323604256,0.8948787878787878,0.0033542046307931134,0.06521212121212117,0.004454854658408974,0.9671939509418427,0.0005905751501849194,0.6218558090909091
mbert-sentiment-codemixing-su-adv-0.4-train.csv,mbert,sentiment,codemixing,su,0.4,0.960090909090909,0.003332782323604256,0.8725454545454546,0.0032664080405857402,0.0875454545454545,0.0053958968188187835,0.9453536160712441,0.0008762586496051183,0.6737440212121211
mbert-sentiment-codemixing-su-adv-0.6-train.csv,mbert,sentiment,codemixing,su,0.6,0.960090909090909,0.003332782323604256,0.8766060606060607,0.03627173994251305,0.08348484848484844,0.039319031344824756,0.9367879978228699,0.02505069787844818,0.6015457484848484
mbert-sentiment-codemixing-su-adv-0.8-train.csv,mbert,sentiment,codemixing,su,0.8,0.960090909090909,0.003332782323604256,0.8705454545454545,0.03911595392214876,0.08954545454545447,0.04221560167513172,0.9185825218802149,0.033618109684131946,0.8022019242424242
mbert-sentiment-sr-adv-0.2-train.csv,mbert,sentiment,sr,id,0.2,0.960090909090909,0.003332782323604256,0.9030000000000001,0.007442895553135054,0.05709090909090897,0.004347508073170438,0.9749870475426766,0.0004157688602365849,0.2348110212121212
mbert-sentiment-sr-adv-0.4-train.csv,mbert,sentiment,sr,id,0.4,0.960090909090909,0.003332782323604256,0.8834545454545455,0.0008766955237266693,0.07663636363636357,0.00412711253193319,0.9575070469952894,0.0001490428205524986,0.4225585515151515
mbert-sentiment-sr-adv-0.6-train.csv,mbert,sentiment,sr,id,0.6,0.960090909090909,0.003332782323604256,0.8687575757575757,0.010000550949010097,0.09133333333333327,0.01329305210099543,0.9410576107965952,0.0006625024362532883,0.13171459999999996
mbert-sentiment-sr-adv-0.8-train.csv,mbert,sentiment,sr,id,0.8,0.960090909090909,0.003332782323604256,0.8541818181818183,0.0126461701647064,0.1059090909090908,0.011136641926021953,0.923130228750464,0.0013295149563253461,0.3428244151515152
xlmr-emotion-codemixing-en-adv-0.2-train.csv,xlmr,emotion,codemixing,en,0.2,0.8886679920477137,0.016307727600063143,0.7427814067973113,0.0194652356089232,0.14588658525040235,0.0076542380121924734,0.9131577884827577,0.0005271253888496232,0.499048802423554
xlmr-emotion-codemixing-en-adv-0.4-train.csv,xlmr,emotion,codemixing,en,0.4,0.8886679920477137,0.016307727600063143,0.7238473918394396,0.01887404115155459,0.1648206002082742,0.00732577567817973,0.8658121006273585,0.0015929307759797958,0.662289879769005
xlmr-emotion-codemixing-en-adv-0.6-train.csv,xlmr,emotion,codemixing,en,0.6,0.8886679920477137,0.016307727600063143,0.7143803843605037,0.01594593693242671,0.17428760768721005,0.0008676655675387126,0.8126972715454911,0.0014124437886160733,0.6538845498437943
xlmr-emotion-codemixing-en-adv-0.8-train.csv,xlmr,emotion,codemixing,en,0.8,0.8886679920477137,0.016307727600063143,0.7003692132916784,0.01767036663482223,0.1882987787560352,0.013257529130342298,0.7472318097572374,0.019154413785497152,1.8219109059926157
xlmr-emotion-codemixing-fr-adv-0.2-train.csv,xlmr,emotion,codemixing,fr,0.2,0.8886679920477137,0.016307727600063143,0.7136230237621888,0.013914568817560782,0.17504496828552488,0.008559661705966622,0.9161339816844092,0.0007831763587122136,0.6547161885827889
xlmr-emotion-codemixing-fr-adv-0.4-train.csv,xlmr,emotion,codemixing,fr,0.4,0.8886679920477137,0.016307727600063143,0.675470983622077,0.01798108483690483,0.21319700842563663,0.007753704526912157,0.87500369284363,0.0017280633816698617,0.7795314304648301
xlmr-emotion-codemixing-fr-adv-0.6-train.csv,xlmr,emotion,codemixing,fr,0.6,0.8886679920477137,0.016307727600063143,0.653034175896999,0.016941711794161957,0.23563381615071477,0.01445479051430015,0.8294734113354987,0.0023454587796660265,1.004591044210925
xlmr-emotion-codemixing-fr-adv-0.8-train.csv,xlmr,emotion,codemixing,fr,0.8,0.8886679920477137,0.016307727600063143,0.627473255703872,0.02627107368626915,0.26119473634384166,0.02485752065409022,0.7648250798103268,0.03136185873101144,2.2584201931269527
xlmr-emotion-codemixing-it-adv-0.2-train.csv,xlmr,emotion,codemixing,it,0.2,0.8886679920477137,0.016307727600063143,0.7089841900975102,0.018989080204107854,0.1796838019502036,0.007287136380924309,0.9177174305815391,0.00044944329875279914,0.6087161033797216
xlmr-emotion-codemixing-it-adv-0.4-train.csv,xlmr,emotion,codemixing,it,0.4,0.8886679920477137,0.016307727600063143,0.6666666666666666,0.017464512063012666,0.22200132538104708,0.01229581695576371,0.8807134756683164,0.0007106612906426687,0.8680615071475906
xlmr-emotion-codemixing-it-adv-0.6-train.csv,xlmr,emotion,codemixing,it,0.6,0.8886679920477137,0.016307727600063143,0.6471646312600586,0.01615699528027289,0.24150336078765502,0.013358548033377774,0.8423085673369659,0.0007400490139349322,1.0591579191517562
xlmr-emotion-codemixing-it-adv-0.8-train.csv,xlmr,emotion,codemixing,it,0.8,0.8886679920477137,0.016307727600063143,0.6263372148063997,0.019767465265432906,0.262330777241314,0.01929876816553954,0.7901149420758027,0.024212725513422535,2.3025199943197956
xlmr-emotion-codemixing-jw-adv-0.2-train.csv,xlmr,emotion,codemixing,jw,0.2,0.8886679920477137,0.016307727600063143,0.7107829215185081,0.010830935113853,0.17788507052920569,0.01304696520997936,0.9282127734269089,0.0007559378633911162,0.6530100728959576
xlmr-emotion-codemixing-jw-adv-0.4-train.csv,xlmr,emotion,codemixing,jw,0.4,0.8886679920477137,0.016307727600063143,0.6701694594338728,0.01481579108926606,0.2184985326138408,0.01438206389278381,0.9040871295969697,0.0008954926644797848,0.8958795133958155
xlmr-emotion-codemixing-jw-adv-0.6-train.csv,xlmr,emotion,codemixing,jw,0.6,0.8886679920477137,0.016307727600063143,0.6473539714096374,0.012860155237697256,0.2413140206380763,0.01847012916521018,0.8799158178991432,0.0011047788884574173,1.200142554198618
xlmr-emotion-codemixing-jw-adv-0.8-train.csv,xlmr,emotion,codemixing,jw,0.8,0.8886679920477137,0.016307727600063143,0.616396856953517,0.032365121968817245,0.2722711350941967,0.035292008409566054,0.8516900808886604,0.008756652656368765,3.0465822588279843
xlmr-emotion-codemixing-ms-adv-0.2-train.csv,xlmr,emotion,codemixing,ms,0.2,0.8886679920477137,0.016307727600063143,0.7464735397140964,0.015053434978927136,0.1421944523336173,0.011936315989228929,0.9358592756197645,0.0005427858639390791,0.5380535548613083
xlmr-emotion-codemixing-ms-adv-0.4-train.csv,xlmr,emotion,codemixing,ms,0.4,0.8886679920477137,0.016307727600063143,0.7264034838587522,0.014640536531078933,0.16226450818896146,0.015205381537300814,0.9199892799293726,0.0007554352544850481,0.66147191138881
xlmr-emotion-codemixing-ms-adv-0.6-train.csv,xlmr,emotion,codemixing,ms,0.6,0.8886679920477137,0.016307727600063143,0.7122029726403483,0.018212859190602428,0.17646501940736534,0.018190701520866517,0.9055123296617885,0.0008515680885847295,0.8004511597084161
xlmr-emotion-codemixing-ms-adv-0.8-train.csv,xlmr,emotion,codemixing,ms,0.8,0.8886679920477137,0.016307727600063143,0.6935529679068445,0.026081047199682964,0.1951150241408691,0.026085685891974034,0.8882062554530129,0.007240455590770363,2.2761283347533845
xlmr-emotion-codemixing-su-adv-0.2-train.csv,xlmr,emotion,codemixing,su,0.2,0.8886679920477137,0.016307727600063143,0.7060494177790401,0.01348076601682006,0.18261857426867367,0.014060657534207991,0.9289805285409015,0.0004708742367845397,0.5470317334090694
xlmr-emotion-codemixing-su-adv-0.4-train.csv,xlmr,emotion,codemixing,su,0.4,0.8886679920477137,0.016307727600063143,0.6644892549465115,0.011973425544835692,0.22417873710120229,0.018550745490646316,0.9053503466376999,0.0007733432164488974,0.6824863391082078
xlmr-emotion-codemixing-su-adv-0.6-train.csv,xlmr,emotion,codemixing,su,0.6,0.8886679920477137,0.016307727600063143,0.63959102527691,0.015020355378787122,0.2490769667708038,0.02296973842158004,0.8808469638774356,0.000954231967937476,0.8553476379816339
xlmr-emotion-codemixing-su-adv-0.8-train.csv,xlmr,emotion,codemixing,su,0.8,0.8886679920477137,0.016307727600063143,0.611947363438417,0.02855162192109358,0.27672062860929664,0.033390633284868174,0.852045544314275,0.007737668636426836,2.641293827511124
xlmr-emotion-sr-adv-0.2-train.csv,xlmr,emotion,sr,id,0.2,0.8886679920477137,0.016307727600063143,0.7317996781217456,0.014215650360462746,0.15686831392596798,0.016335732203670798,0.9406068831679383,0.0011336190710276592,0.31103770709078854
xlmr-emotion-sr-adv-0.4-train.csv,xlmr,emotion,sr,id,0.4,0.8886679920477137,0.016307727600063143,0.7049133768815677,0.024170922035636585,0.18375461516614597,0.026216774441111288,0.9299546582524686,0.0014847123455953854,0.18379091167282022
xlmr-emotion-sr-adv-0.6-train.csv,xlmr,emotion,sr,id,0.6,0.8886679920477137,0.016307727600063143,0.6812458581842279,0.012806730340309285,0.20742213386348574,0.017065052373456693,0.9186855042322414,0.0007954620097868165,0.21243503739467953
xlmr-emotion-sr-adv-0.8-train.csv,xlmr,emotion,sr,id,0.8,0.8886679920477137,0.016307727600063143,0.6718735207800814,0.014953976654575853,0.21679447126763227,0.011783287234688376,0.9091565203361411,0.0017598446444050265,0.4392301524188204
xlmr-sentiment-codemixing-en-adv-0.2-train.csv,xlmr,sentiment,codemixing,en,0.2,0.9622727272727273,0.005290721646164294,0.9286363636363637,0.004882080575308238,0.033636363636363464,0.0006363636363637344,0.9271742843504658,0.002304546324676854,0.531328403030303
xlmr-sentiment-codemixing-en-adv-0.4-train.csv,xlmr,sentiment,codemixing,en,0.4,0.9622727272727273,0.005290721646164294,0.9220909090909091,0.004404167823196096,0.04018181818181807,0.001488245958522225,0.8646511082940481,0.003465164341315685,0.6340294151515152
xlmr-sentiment-codemixing-en-adv-0.6-train.csv,xlmr,sentiment,codemixing,en,0.6,0.9622727272727273,0.005290721646164294,0.9164848484848486,0.00521784393373396,0.045787878787878565,0.0014122642663916577,0.7999691836307897,0.0026379934504738196,0.7017549272727273
xlmr-sentiment-codemixing-en-adv-0.8-train.csv,xlmr,sentiment,codemixing,en,0.8,0.9622727272727273,0.005290721646164294,0.910151515151515,0.005575428185263997,0.052121212121212096,0.0009635220057929984,0.7396592342837742,0.002402503511945921,0.8150699303030303
xlmr-sentiment-codemixing-fr-adv-0.2-train.csv,xlmr,sentiment,codemixing,fr,0.2,0.9622727272727273,0.005290721646164294,0.9127878787878788,0.005710895294861431,0.0494848484848484,0.001200321352747693,0.9469882569355382,0.001086190469964832,0.6747408363636364
xlmr-sentiment-codemixing-fr-adv-0.4-train.csv,xlmr,sentiment,codemixing,fr,0.4,0.9622727272727273,0.005290721646164294,0.8984242424242425,0.00524154835913025,0.06384848484848472,0.0004665092217678245,0.9078494685429401,0.001416869542653122,0.7174124878787879
xlmr-sentiment-codemixing-fr-adv-0.6-train.csv,xlmr,sentiment,codemixing,fr,0.6,0.9622727272727273,0.005290721646164294,0.8868484848484849,0.006370342786509262,0.07542424242424234,0.003460919160065225,0.8661182518801794,0.0018931060566805677,0.9135357363636364
xlmr-sentiment-codemixing-fr-adv-0.8-train.csv,xlmr,sentiment,codemixing,fr,0.8,0.9622727272727273,0.005290721646164294,0.8901515151515151,0.02197751167179178,0.07212121212121203,0.027217722309434714,0.8354798759426921,0.10420853657234798,2.024510018181818
xlmr-sentiment-codemixing-it-adv-0.2-train.csv,xlmr,sentiment,codemixing,it,0.2,0.9622727272727273,0.005290721646164294,0.9146363636363636,0.005683817829942051,0.047636363636363505,0.002319518331304126,0.957013837525113,0.00048687457522335814,0.6957875484848485
xlmr-sentiment-codemixing-it-adv-0.4-train.csv,xlmr,sentiment,codemixing,it,0.4,0.9622727272727273,0.005290721646164294,0.8983333333333333,0.0061013027557075454,0.0639393939393938,0.0018571579934599388,0.9260614429077867,0.0006945852835968803,0.8307569757575758
xlmr-sentiment-codemixing-it-adv-0.6-train.csv,xlmr,sentiment,codemixing,it,0.6,0.9622727272727273,0.005290721646164294,0.8853333333333332,0.005071662753515868,0.07693939393939384,0.0004484438965741695,0.8921981707524621,0.0012151273685445697,1.0215486090909092
xlmr-sentiment-codemixing-it-adv-0.8-train.csv,xlmr,sentiment,codemixing,it,0.8,0.9622727272727273,0.005290721646164294,0.8887575757575757,0.019707852471434112,0.07351515151515141,0.024894875395081676,0.8689178160503506,0.06800477525568621,2.0731152515151514
xlmr-sentiment-codemixing-jw-adv-0.2-train.csv,xlmr,sentiment,codemixing,jw,0.2,0.9622727272727273,0.005290721646164294,0.9212727272727271,0.005594418706278381,0.0409999999999999,0.001454545454545447,0.9629518163346432,0.002086762759538512,0.6804407272727273
xlmr-sentiment-codemixing-jw-adv-0.4-train.csv,xlmr,sentiment,codemixing,jw,0.4,0.9622727272727273,0.005290721646164294,0.9123333333333333,0.005497808228449326,0.04993939393939376,0.0012275532788198146,0.9336290475687745,0.002362821759584536,0.8936727303030304
xlmr-sentiment-codemixing-jw-adv-0.6-train.csv,xlmr,sentiment,codemixing,jw,0.6,0.9622727272727273,0.005290721646164294,0.9044848484848486,0.004550300447198957,0.057787878787878666,0.002085632340311454,0.9066371344750127,0.001386570850834525,1.1625027030303032
xlmr-sentiment-codemixing-jw-adv-0.8-train.csv,xlmr,sentiment,codemixing,jw,0.8,0.9622727272727273,0.005290721646164294,0.8974242424242425,0.004560278856680747,0.06484848484848472,0.002660288515598624,0.8831658298524491,0.001001551304435684,1.288572712121212
xlmr-sentiment-codemixing-ms-adv-0.2-train.csv,xlmr,sentiment,codemixing,ms,0.2,0.9622727272727273,0.005290721646164294,0.9330909090909092,0.005377485971334637,0.029181818181818,0.0006363636363635513,0.9747450139107127,0.0005551303186348732,0.6344251666666666
xlmr-sentiment-codemixing-ms-adv-0.4-train.csv,xlmr,sentiment,codemixing,ms,0.4,0.9622727272727273,0.005290721646164294,0.9289393939393941,0.005396917802142819,0.03333333333333313,0.0014696188670280973,0.9574120088156426,0.0006995364787949184,0.6697835818181819
xlmr-sentiment-codemixing-ms-adv-0.6-train.csv,xlmr,sentiment,codemixing,ms,0.6,0.9622727272727273,0.005290721646164294,0.9244242424242425,0.004931207195780024,0.037848484848484736,0.0014724279531219413,0.9416956763691974,0.000723420998954712,0.8533812121212122
xlmr-sentiment-codemixing-ms-adv-0.8-train.csv,xlmr,sentiment,codemixing,ms,0.8,0.9622727272727273,0.005290721646164294,0.9265151515151516,0.00416630852455298,0.035757575757575565,0.008858079065931408,0.9421166379695589,0.02558773302643412,0.8033140787878787
xlmr-sentiment-codemixing-su-adv-0.2-train.csv,xlmr,sentiment,codemixing,su,0.2,0.9622727272727273,0.005290721646164294,0.9118484848484849,0.006031140493089408,0.05042424242424237,0.0036706714918529216,0.9677948990087165,0.00044045055580569254,0.6512882818181818
xlmr-sentiment-codemixing-su-adv-0.4-train.csv,xlmr,sentiment,codemixing,su,0.4,0.9622727272727273,0.005290721646164294,0.8988787878787878,0.0046107432338012315,0.06339393939393922,0.004266274947583041,0.9468240124468098,0.0008230345396883133,0.6807436393939393
xlmr-sentiment-codemixing-su-adv-0.6-train.csv,xlmr,sentiment,codemixing,su,0.6,0.9622727272727273,0.005290721646164294,0.8864545454545455,0.004082820285979239,0.0758181818181817,0.0068676989782749465,0.9234879700087687,0.0008125412646376546,0.7980089424242424
xlmr-sentiment-codemixing-su-adv-0.8-train.csv,xlmr,sentiment,codemixing,su,0.8,0.9622727272727273,0.005290721646164294,0.8723333333333333,0.006748329045295708,0.08993939393939383,0.010107412112619443,0.9002578638139548,0.0007065986674240987,0.9131036333333332
xlmr-sentiment-sr-adv-0.2-train.csv,xlmr,sentiment,sr,id,0.2,0.9622727272727273,0.005290721646164294,0.9168181818181819,0.008018058131389946,0.045454545454545366,0.0030164836405521347,0.9750077046413876,0.0001562908646004548,0.22225773333333332
xlmr-sentiment-sr-adv-0.4-train.csv,xlmr,sentiment,sr,id,0.4,0.9622727272727273,0.005290721646164294,0.9076969696969698,0.0056424698107068235,0.0545757575757575,0.0005169309730069422,0.9598051384311508,0.000814422771743719,0.14407456666666663
xlmr-sentiment-sr-adv-0.6-train.csv,xlmr,sentiment,sr,id,0.6,0.9622727272727273,0.005290721646164294,0.8935454545454545,0.0062489668567579796,0.06872727272727264,0.008630141299131542,0.9413889750425111,0.0018784160579909323,0.14113049999999994
xlmr-sentiment-sr-adv-0.8-train.csv,xlmr,sentiment,sr,id,0.8,0.9622727272727273,0.005290721646164294,0.8753333333333334,0.008006367988960757,0.0869393939393938,0.0028303744069903907,0.9238618862880111,0.0027635692909919445,0.42043312727272725
xlmrlarge-emotion-codemixing-en-adv-0.2-train.csv,xlmrlarge,emotion,codemixing,en,0.2,0.9685695351699328,0.011439420400883712,0.8170027454321689,0.012619560030532228,0.1515667897377639,0.004729715420542373,0.9063997535636498,0.0007392737323564124,0.9184394679541796
xlmrlarge-emotion-codemixing-en-adv-0.4-train.csv,xlmrlarge,emotion,codemixing,en,0.4,0.9685695351699328,0.011439420400883712,0.7936192369591972,0.007564133051382459,0.17495029821073557,0.0062288305025451724,0.854111844956068,0.001525594840546647,0.7998623023762188
xlmrlarge-emotion-codemixing-en-adv-0.6-train.csv,xlmrlarge,emotion,codemixing,en,0.6,0.9685695351699328,0.011439420400883712,0.7833001988071571,0.005320929848109928,0.18526933636277573,0.007107825180231447,0.7956487971051086,0.0024450984420225927,0.8902054624633152
xlmrlarge-emotion-codemixing-en-adv-0.8-train.csv,xlmrlarge,emotion,codemixing,en,0.8,0.9685695351699328,0.011439420400883712,0.7723184701315914,0.00331615637378338,0.19625106503834133,0.010600089523726949,0.7261437979947999,0.022136354268060467,2.0980734829120515
xlmrlarge-emotion-codemixing-fr-adv-0.2-train.csv,xlmrlarge,emotion,codemixing,fr,0.2,0.9685695351699328,0.011439420400883712,0.776199943197955,0.007783123888693421,0.1923695919719777,0.005421050194914595,0.9106898037539529,0.000540128864792077,0.9435064849001232
xlmrlarge-emotion-codemixing-fr-adv-0.4-train.csv,xlmrlarge,emotion,codemixing,fr,0.4,0.9685695351699328,0.011439420400883712,0.7363438417116349,0.009186900345703342,0.23222569345829783,0.010421021074039152,0.8647003668988789,0.0014767680724968168,1.0094830256555902
xlmrlarge-emotion-codemixing-fr-adv-0.6-train.csv,xlmrlarge,emotion,codemixing,fr,0.6,0.9685695351699328,0.011439420400883712,0.718924547950393,0.007407895544632931,0.2496449872195399,0.010427469327285362,0.8155954092152754,0.002192938820530311,1.1730589131875415
xlmrlarge-emotion-codemixing-fr-adv-0.8-train.csv,xlmrlarge,emotion,codemixing,fr,0.8,0.9685695351699328,0.011439420400883712,0.7119189624159802,0.0069587334908404784,0.25665057275395253,0.007836486636968698,0.7662609270226745,0.002324801173752482,1.6454725362113036
xlmrlarge-emotion-codemixing-it-adv-0.2-train.csv,xlmrlarge,emotion,codemixing,it,0.2,0.9685695351699328,0.011439420400883712,0.7670169459433874,0.006390755971499581,0.2015525892265455,0.005603956674031487,0.9119754412415059,0.0008293244471770229,0.9567491432358232
xlmrlarge-emotion-codemixing-it-adv-0.4-train.csv,xlmrlarge,emotion,codemixing,it,0.4,0.9685695351699328,0.011439420400883712,0.7293382561772224,0.013055205833071524,0.23923127899271038,0.0026389018015274155,0.8703781865550568,0.0016666414676991083,1.0426134431506202
xlmrlarge-emotion-codemixing-it-adv-0.6-train.csv,xlmrlarge,emotion,codemixing,it,0.6,0.9685695351699328,0.011439420400883712,0.708416169648774,0.0031922210167731366,0.2601533655211588,0.008859116137734897,0.8283768810813573,0.0023285686128510772,1.1998859130928712
xlmrlarge-emotion-codemixing-it-adv-0.8-train.csv,xlmrlarge,emotion,codemixing,it,0.8,0.9685695351699328,0.011439420400883712,0.7046293666571998,0.006605909315315514,0.26394016851273316,0.005003203734440496,0.7885683285797014,0.0023850052599843187,1.6900816908075358
xlmrlarge-emotion-codemixing-jw-adv-0.2-train.csv,xlmrlarge,emotion,codemixing,jw,0.2,0.9685695351699328,0.011439420400883712,0.7987314209978226,0.0072871363809242735,0.16983811417211023,0.0062804159010213115,0.9235261377434911,0.000940614709037831,1.0752445422701886
xlmrlarge-emotion-codemixing-jw-adv-0.4-train.csv,xlmrlarge,emotion,codemixing,jw,0.4,0.9685695351699328,0.011439420400883712,0.7523430843510367,0.006605909315315545,0.2162264508188961,0.013636434785595739,0.8967720570930937,0.001298992787158132,1.1409759822020262
xlmrlarge-emotion-codemixing-jw-adv-0.6-train.csv,xlmrlarge,emotion,codemixing,jw,0.6,0.9685695351699328,0.011439420400883712,0.7246047524377545,0.0014294867812687394,0.24396478273217828,0.011992497773767352,0.8707441571117024,0.002134907946554549,1.5903902773833192
xlmrlarge-emotion-codemixing-jw-adv-0.8-train.csv,xlmrlarge,emotion,codemixing,jw,0.8,0.9685695351699328,0.011439420400883712,0.7057654075546719,0.01010932787876042,0.26280412761526084,0.019761343517014612,0.8412354171874227,0.011046624518227686,3.509798598882893
xlmrlarge-emotion-codemixing-ms-adv-0.2-train.csv,xlmrlarge,emotion,codemixing,ms,0.2,0.9685695351699328,0.011439420400883712,0.8311085865757833,0.010756203758277351,0.13746094859414945,0.005305748847563149,0.9312128060339786,0.0008067030028194013,0.9125287513017134
xlmrlarge-emotion-codemixing-ms-adv-0.4-train.csv,xlmrlarge,emotion,codemixing,ms,0.4,0.9685695351699328,0.011439420400883712,0.8065890372053394,0.01095926235817936,0.16198049796459338,0.007499877807569328,0.9136235900600616,0.001065716405747657,0.8893827605793808
xlmrlarge-emotion-codemixing-ms-adv-0.6-train.csv,xlmrlarge,emotion,codemixing,ms,0.6,0.9685695351699328,0.011439420400883712,0.7937139070339866,0.011311786509500252,0.17485562813594627,0.006119964539958151,0.897637360333313,0.001383040690470923,1.0136035595948123
xlmrlarge-emotion-codemixing-ms-adv-0.8-train.csv,xlmrlarge,emotion,codemixing,ms,0.8,0.9685695351699328,0.011439420400883712,0.7822588279844741,0.007264964514986138,0.1863107071854587,0.005205993405232449,0.8838679505176903,0.0012302441791974675,1.2456857710877591
xlmrlarge-emotion-codemixing-su-adv-0.2-train.csv,xlmrlarge,emotion,codemixing,su,0.2,0.9685695351699328,0.011439420400883712,0.7833001988071571,0.009601898042815646,0.18526933636277576,0.002638901801527391,0.9240089501438974,0.0005847952405043791,0.9485498343273692
xlmrlarge-emotion-codemixing-su-adv-0.4-train.csv,xlmrlarge,emotion,codemixing,su,0.4,0.9685695351699328,0.011439420400883712,0.7381425731326328,0.008831759048830547,0.23042696203729998,0.009514695756321056,0.8971593488343883,0.0010368816346010092,0.9275815488024236
xlmrlarge-emotion-codemixing-su-adv-0.6-train.csv,xlmrlarge,emotion,codemixing,su,0.6,0.9685695351699328,0.011439420400883712,0.711066931742876,0.003328296096042177,0.25750260342705666,0.014763979519675847,0.8700873306373592,0.0019276212208765736,1.0696562624254473
xlmrlarge-emotion-codemixing-su-adv-0.8-train.csv,xlmrlarge,emotion,codemixing,su,0.8,0.9685695351699328,0.011439420400883712,0.6917542364858469,0.001564206346857733,0.276815298684086,0.011276076266195386,0.8406840196985147,0.009072840259209404,3.0811685222001324
xlmrlarge-emotion-sr-adv-0.2-train.csv,xlmrlarge,emotion,sr,id,0.2,0.9685695351699328,0.011439420400883712,0.8026128940641865,0.01140293092864791,0.16595664110574646,0.004366128015753008,0.9362636748138821,0.0005212609681919114,0.4659928997443908
xlmrlarge-emotion-sr-adv-0.4-train.csv,xlmrlarge,emotion,sr,id,0.4,0.9685695351699328,0.011439420400883712,0.7795133958155827,0.0056896636187888944,0.18905613935435014,0.01640471509174491,0.9250308654614835,0.0009998563155924067,0.48724397424973964
xlmrlarge-emotion-sr-adv-0.6-train.csv,xlmrlarge,emotion,sr,id,0.6,0.9685695351699328,0.011439420400883712,0.7618100918299726,0.008946697734607068,0.20675944333996024,0.0037139156008583704,0.9127225062645804,0.0014224315467518999,0.49815150052068535
xlmrlarge-emotion-sr-adv-0.8-train.csv,xlmrlarge,emotion,sr,id,0.8,0.9685695351699328,0.011439420400883712,0.7552778566695068,0.009937652625494791,0.21329167850042607,0.005048676181377887,0.901588757485109,0.0011329248252607233,0.5579201457919151
xlmrlarge-sentiment-codemixing-en-adv-0.2-train.csv,xlmrlarge,sentiment,codemixing,en,0.2,0.9806666666666667,0.0008446884766524611,0.9546969696969697,5.2486388108176976e-05,0.025969696969696903,0.0008248883387160849,0.9254421334137407,0.003669686860345691,0.7499135696969695
xlmrlarge-sentiment-codemixing-en-adv-0.4-train.csv,xlmrlarge,sentiment,codemixing,en,0.4,0.9806666666666667,0.0008446884766524611,0.9487878787878787,0.0006385244698698518,0.03187878787878783,0.0010457838743477272,0.860296709690751,0.0036440674668572802,0.6978292151515152
xlmrlarge-sentiment-codemixing-en-adv-0.6-train.csv,xlmrlarge,sentiment,codemixing,en,0.6,0.9806666666666667,0.0008446884766524611,0.9458181818181819,0.0014630433581300898,0.03484848484848483,0.001805257091952364,0.7968441231947844,0.001614467479575022,0.7978315696969697
xlmrlarge-sentiment-codemixing-en-adv-0.8-train.csv,xlmrlarge,sentiment,codemixing,en,0.8,0.9806666666666667,0.0008446884766524611,0.942121212121212,0.0010997119582802962,0.0385454545454545,0.0015184811898628129,0.7369887833459247,0.0012200930189967523,1.047943778787879
xlmrlarge-sentiment-codemixing-fr-adv-0.2-train.csv,xlmrlarge,sentiment,codemixing,fr,0.2,0.9806666666666667,0.0008446884766524611,0.9405757575757576,0.00459278389561776,0.04009090909090903,0.005421109642136519,0.9472990471580149,0.0015600052186695971,0.882190912121212
xlmrlarge-sentiment-codemixing-fr-adv-0.4-train.csv,xlmrlarge,sentiment,codemixing,fr,0.4,0.9806666666666667,0.0008446884766524611,0.9276363636363637,0.006575687752736343,0.05303030303030296,0.007382318239518684,0.9069208441750908,0.0019079209008125329,0.9797154515151516
xlmrlarge-sentiment-codemixing-fr-adv-0.6-train.csv,xlmrlarge,sentiment,codemixing,fr,0.6,0.9806666666666667,0.0008446884766524611,0.9573636363636364,0.00118181818181827,0.0233030303030303,0.0019291871566543453,0.9578066911467097,0.0005452546702842539,1.0220385
xlmrlarge-sentiment-codemixing-fr-adv-0.8-train.csv,xlmrlarge,sentiment,codemixing,fr,0.8,0.9806666666666667,0.0008446884766524611,0.9122121212121211,0.005098479220132941,0.06845454545454548,0.0059258503591753196,0.822387097376709,0.0013762260786125554,1.429213984848485
xlmrlarge-sentiment-codemixing-it-adv-0.2-train.csv,xlmrlarge,sentiment,codemixing,it,0.2,0.9806666666666667,0.0008446884766524611,0.9411212121212121,0.0002777318603004054,0.03954545454545453,0.0006863485850245384,0.9563577131247429,0.0010292302740461372,0.9050530363636362
xlmrlarge-sentiment-codemixing-it-adv-0.4-train.csv,xlmrlarge,sentiment,codemixing,it,0.4,0.9806666666666667,0.0008446884766524611,0.928,0.0006863485850246367,0.05266666666666663,0.0010845775859497444,0.9243101299357686,0.0012594719192852535,1.077399096969697
xlmrlarge-sentiment-codemixing-it-adv-0.6-train.csv,xlmrlarge,sentiment,codemixing,it,0.6,0.9806666666666667,0.0008446884766524611,0.9513030303030302,0.0011366666262734467,0.029363636363636435,0.0004810456929210151,0.9546609833362427,0.0008918429639992099,0.9359322151515151
xlmrlarge-sentiment-codemixing-it-adv-0.8-train.csv,xlmrlarge,sentiment,codemixing,it,0.8,0.9806666666666667,0.0008446884766524611,0.9224848484848485,0.021900287430343942,0.05818181818181817,0.022368255251029406,0.8844578965229518,0.049472747887611246,1.1029324060606063
xlmrlarge-sentiment-codemixing-jw-adv-0.2-train.csv,xlmrlarge,sentiment,codemixing,jw,0.2,0.9806666666666667,0.0008446884766524611,0.9433636363636362,0.004650602022701299,0.03730303030303033,0.005494048871529458,0.9610318460105495,0.0028274643594093886,0.8871319545454545
xlmrlarge-sentiment-codemixing-jw-adv-0.4-train.csv,xlmrlarge,sentiment,codemixing,jw,0.4,0.9806666666666667,0.0008446884766524611,0.9319090909090909,0.008176260738835385,0.04875757575757573,0.009020790189744003,0.9306997009328369,0.0028188653380958315,0.959945481818182
xlmrlarge-sentiment-codemixing-jw-adv-0.6-train.csv,xlmrlarge,sentiment,codemixing,jw,0.6,0.9806666666666667,0.0008446884766524611,0.9234242424242424,0.010862526886416661,0.05724242424242423,0.01170234607167577,0.9048428450626407,0.001098186715783798,1.3674534606060604
xlmrlarge-sentiment-codemixing-jw-adv-0.8-train.csv,xlmrlarge,sentiment,codemixing,jw,0.8,0.9806666666666667,0.0008446884766524611,0.9152424242424243,0.012976244453238125,0.06542424242424234,0.013819776622482608,0.8819501816199132,0.0006160925797437231,1.4187096727272728
xlmrlarge-sentiment-codemixing-ms-adv-0.2-train.csv,xlmrlarge,sentiment,codemixing,ms,0.2,0.9806666666666667,0.0008446884766524611,0.9572424242424242,0.0017184784095463416,0.0234242424242425,0.0023183303576891426,0.9741117744910898,0.0005941651996143249,0.855942409090909
xlmrlarge-sentiment-codemixing-ms-adv-0.4-train.csv,xlmrlarge,sentiment,codemixing,ms,0.4,0.9806666666666667,0.0008446884766524611,0.953,0.001585054161287565,0.0276666666666667,0.002004815140245353,0.9565621759950211,0.0003798733297716297,0.9033367666666666
xlmrlarge-sentiment-codemixing-ms-adv-0.6-train.csv,xlmrlarge,sentiment,codemixing,ms,0.6,0.9806666666666667,0.0008446884766524611,0.9604848484848484,0.0010769306450859127,0.0201818181818182,0.0015928559516305894,0.9752620403161555,0.00013261608187695398,0.8580468727272725
xlmrlarge-sentiment-codemixing-ms-adv-0.8-train.csv,xlmrlarge,sentiment,codemixing,ms,0.8,0.9806666666666667,0.0008446884766524611,0.9466060606060607,0.001863821129052332,0.03406060606060607,0.002703431142992847,0.9271127782071179,0.00023100745533626086,1.141540084848485
xlmrlarge-sentiment-codemixing-su-adv-0.2-train.csv,xlmrlarge,sentiment,codemixing,su,0.2,0.9806666666666667,0.0008446884766524611,0.9373030303030302,0.009535203731060834,0.0433636363636364,0.010372006189580358,0.9670371598124956,0.001384141325367916,0.7893198878787878
xlmrlarge-sentiment-codemixing-su-adv-0.4-train.csv,xlmrlarge,sentiment,codemixing,su,0.4,0.9806666666666667,0.0008446884766524611,0.9207272727272727,0.015704923689695904,0.05993939393939394,0.016549533296791017,0.9447680662123091,0.0017450757674744477,0.8245241121212121
xlmrlarge-sentiment-codemixing-su-adv-0.6-train.csv,xlmrlarge,sentiment,codemixing,su,0.6,0.9806666666666667,0.0008446884766524611,0.9201515151515153,0.03635299086600139,0.0605151515151515,0.03710342183472736,0.9351899089461023,0.02497842071890769,1.080744696969697
xlmrlarge-sentiment-codemixing-su-adv-0.8-train.csv,xlmrlarge,sentiment,codemixing,su,0.8,0.9806666666666667,0.0008446884766524611,0.8951818181818182,0.024721088798937592,0.08548484848484846,0.02556103267054305,0.899100034901703,0.0011977803462224549,1.0471681424242423
xlmrlarge-sentiment-sr-adv-0.2-train.csv,xlmrlarge,sentiment,sr,id,0.2,0.9806666666666667,0.0008446884766524611,0.9451212121212121,0.0008592392047732701,0.0355454545454545,0.0015184811898628584,0.9747084891537035,0.0012740427460528347,0.5755979
xlmrlarge-sentiment-sr-adv-0.4-train.csv,xlmrlarge,sentiment,sr,id,0.4,0.9806666666666667,0.0008446884766524611,0.9296060606060607,0.008253390654771861,0.051060606060606,0.009072860872278035,0.9580192633494735,0.002624612002958297,0.4480984727272726
xlmrlarge-sentiment-sr-adv-0.6-train.csv,xlmrlarge,sentiment,sr,id,0.6,0.9806666666666667,0.0008446884766524611,0.9177575757575758,0.004592783895617801,0.06290909090909093,0.005434052412319437,0.9416703634524547,0.0015007213942539802,0.7626855090909089
xlmrlarge-sentiment-sr-adv-0.8-train.csv,xlmrlarge,sentiment,sr,id,0.8,0.9806666666666667,0.0008446884766524611,0.8936969696969697,0.01477554751634307,0.08696969696969692,0.01561635435740289,0.9244220428314399,0.002542246971984227,0.4254914939393939
