,filename,model_target,downstream_task,perturbation_technique,codemix_lang,perturb_ratio,before_attack_acc,after_attack_acc,delta_acc,avg_semantic_sim,avg_running_time(s)
0,indobert-emotion-codemixing-en-adv-0.2-valid.csv,indobert,emotion,codemixing,en,0.2,0.7068181818181818,0.5852272727272727,0.121590909090909,0.9555474594912745,5.997761363636364
1,indobert-emotion-codemixing-en-adv-0.4-valid.csv,indobert,emotion,codemixing,en,0.4,0.7068181818181818,0.5386363636363636,0.16818181818181815,0.9035209317776289,6.056965909090909
2,indobert-emotion-codemixing-en-adv-0.6-valid.csv,indobert,emotion,codemixing,en,0.6,0.7068181818181818,0.5113636363636364,0.19545454545454538,0.8563384087248282,7.732749999999999
3,indobert-emotion-codemixing-en-adv-0.8-valid.csv,indobert,emotion,codemixing,en,0.8,0.7068181818181818,0.5170454545454546,0.1897727272727272,0.8274611494757913,9.059840909090909
4,indobert-emotion-codemixing-fr-adv-0.2-valid.csv,indobert,emotion,codemixing,fr,0.2,0.7068181818181818,0.5204545454545455,0.1863636363636363,0.9502213004637847,5.316295454545454
5,indobert-emotion-codemixing-fr-adv-0.4-valid.csv,indobert,emotion,codemixing,fr,0.4,0.7068181818181818,0.4420454545454545,0.26477272727272727,0.8956126954067837,6.691818181818182
6,indobert-emotion-codemixing-fr-adv-0.6-valid.csv,indobert,emotion,codemixing,fr,0.6,0.7068181818181818,0.41022727272727266,0.2965909090909091,0.8486741858449849,8.549011363636364
7,indobert-emotion-codemixing-fr-adv-0.8-valid.csv,indobert,emotion,codemixing,fr,0.8,0.7068181818181818,0.4113636363636364,0.2954545454545454,0.822866115854545,13.95230681818182
8,indobert-emotion-codemixing-it-adv-0.2-valid.csv,indobert,emotion,codemixing,it,0.2,0.7068181818181818,0.5409090909090909,0.16590909090909084,0.954846743358807,5.555295454545455
9,indobert-emotion-codemixing-it-adv-0.4-valid.csv,indobert,emotion,codemixing,it,0.4,0.7068181818181818,0.4659090909090909,0.2409090909090909,0.9049452601508661,7.287568181818182
10,indobert-emotion-codemixing-it-adv-0.6-valid.csv,indobert,emotion,codemixing,it,0.6,0.7068181818181818,0.43636363636363634,0.27045454545454545,0.8595222135159102,9.03678409090909
11,indobert-emotion-codemixing-it-adv-0.8-valid.csv,indobert,emotion,codemixing,it,0.8,0.7068181818181818,0.42386363636363633,0.2829545454545454,0.8334109323945913,12.683261363636365
12,indobert-emotion-codemixing-jw-adv-0.2-valid.csv,indobert,emotion,codemixing,jw,0.2,0.7068181818181818,0.5772727272727273,0.12954545454545444,0.9719889436255802,5.893431818181819
13,indobert-emotion-codemixing-jw-adv-0.4-valid.csv,indobert,emotion,codemixing,jw,0.4,0.7068181818181818,0.5045454545454545,0.20227272727272724,0.946434414725412,6.159352272727272
14,indobert-emotion-codemixing-jw-adv-0.6-valid.csv,indobert,emotion,codemixing,jw,0.6,0.7068181818181818,0.47727272727272724,0.22954545454545455,0.9210680236193267,7.666477272727272
15,indobert-emotion-codemixing-jw-adv-0.8-valid.csv,indobert,emotion,codemixing,jw,0.8,0.7068181818181818,0.4420454545454545,0.26477272727272727,0.8988167842680759,8.36825
16,indobert-emotion-codemixing-ms-adv-0.2-valid.csv,indobert,emotion,codemixing,ms,0.2,0.7068181818181818,0.6352272727272728,0.07159090909090905,0.9784068923104893,5.0656704545454545
17,indobert-emotion-codemixing-ms-adv-0.4-valid.csv,indobert,emotion,codemixing,ms,0.4,0.7068181818181818,0.6079545454545454,0.09886363636363629,0.959201857921752,5.877068181818182
18,indobert-emotion-codemixing-ms-adv-0.6-valid.csv,indobert,emotion,codemixing,ms,0.6,0.7068181818181818,0.5886363636363636,0.11818181818181814,0.9437420893799175,8.880181818181818
19,indobert-emotion-codemixing-ms-adv-0.8-valid.csv,indobert,emotion,codemixing,ms,0.8,0.7068181818181818,0.5886363636363636,0.1181818181818181,0.9297431637617674,7.5631022727272725
20,indobert-emotion-codemixing-su-adv-0.2-valid.csv,indobert,emotion,codemixing,su,0.2,0.7068181818181818,0.5727272727272728,0.134090909090909,0.9729533372954888,5.564602272727273
21,indobert-emotion-codemixing-su-adv-0.4-valid.csv,indobert,emotion,codemixing,su,0.4,0.7068181818181818,0.509090909090909,0.19772727272727264,0.9474208934740586,6.042784090909091
22,indobert-emotion-codemixing-su-adv-0.6-valid.csv,indobert,emotion,codemixing,su,0.6,0.7068181818181818,0.4795454545454545,0.2272727272727273,0.9231329303573479,7.369238636363637
23,indobert-emotion-codemixing-su-adv-0.8-valid.csv,indobert,emotion,codemixing,su,0.8,0.7068181818181818,0.44999999999999996,0.25681818181818183,0.8997253046117046,7.905022727272727
24,indobert-emotion-sr-adv-0.2-valid.csv,indobert,emotion,sr,id,0.2,0.7068181818181818,0.634090909090909,0.07272727272727264,0.9858835457400842,3.6979886363636365
25,indobert-emotion-sr-adv-0.4-valid.csv,indobert,emotion,sr,id,0.4,0.7068181818181818,0.5886363636363636,0.11818181818181814,0.9753735333681107,3.852125
26,indobert-emotion-sr-adv-0.6-valid.csv,indobert,emotion,sr,id,0.6,0.7068181818181818,0.5761363636363637,0.13068181818181807,0.9647984462028201,4.989465909090909
27,indobert-emotion-sr-adv-0.8-valid.csv,indobert,emotion,sr,id,0.8,0.7068181818181818,0.5806818181818182,0.12613636363636355,0.9570166457783092,3.862420454545455
28,indobert-sentiment-codemixing-en-adv-0.2-valid.csv,indobert,sentiment,codemixing,en,0.2,0.9376984126984126,0.8912698412698412,0.0464285714285713,0.9332986986116758,10.135349206349206
29,indobert-sentiment-codemixing-en-adv-0.4-valid.csv,indobert,sentiment,codemixing,en,0.4,0.9376984126984126,0.8646825396825397,0.07301587301587284,0.8680795159841341,10.171007936507937
30,indobert-sentiment-codemixing-en-adv-0.6-valid.csv,indobert,sentiment,codemixing,en,0.6,0.9376984126984126,0.8472222222222222,0.09047619047619035,0.8034977426870711,8.639924603174606
31,indobert-sentiment-codemixing-en-adv-0.8-valid.csv,indobert,sentiment,codemixing,en,0.8,0.9376984126984126,0.8388888888888889,0.09880952380952365,0.755220666471573,9.48890873015873
32,indobert-sentiment-codemixing-fr-adv-0.2-valid.csv,indobert,sentiment,codemixing,fr,0.2,0.9376984126984126,0.8805555555555555,0.057142857142857,0.9372138806515269,10.221023809523809
33,indobert-sentiment-codemixing-fr-adv-0.4-valid.csv,indobert,sentiment,codemixing,fr,0.4,0.9376984126984126,0.836111111111111,0.1015873015873015,0.8761438160661668,12.044869047619049
34,indobert-sentiment-codemixing-fr-adv-0.6-valid.csv,indobert,sentiment,codemixing,fr,0.6,0.9376984126984126,0.8031746031746032,0.13452380952380935,0.8147952600456183,9.088726190476189
35,indobert-sentiment-codemixing-fr-adv-0.8-valid.csv,indobert,sentiment,codemixing,fr,0.8,0.9376984126984126,0.7674603174603174,0.17023809523809508,0.7674516181032809,10.307226190476191
36,indobert-sentiment-codemixing-it-adv-0.2-valid.csv,indobert,sentiment,codemixing,it,0.2,0.9376984126984126,0.875,0.06269841269841255,0.9499932855840714,12.386845238095239
37,indobert-sentiment-codemixing-it-adv-0.4-valid.csv,indobert,sentiment,codemixing,it,0.4,0.9376984126984126,0.8222222222222222,0.11547619047619034,0.9032132493834647,12.95527380952381
38,indobert-sentiment-codemixing-it-adv-0.6-valid.csv,indobert,sentiment,codemixing,it,0.6,0.9376984126984126,0.780952380952381,0.1567460317460316,0.8579706016100115,8.457805555555556
39,indobert-sentiment-codemixing-it-adv-0.8-valid.csv,indobert,sentiment,codemixing,it,0.8,0.9376984126984126,0.7527777777777778,0.1849206349206348,0.818786392969981,9.27798015873016
40,indobert-sentiment-codemixing-jw-adv-0.2-valid.csv,indobert,sentiment,codemixing,jw,0.2,0.9376984126984126,0.892063492063492,0.04563492063492045,0.9600399800945842,10.02909523809524
41,indobert-sentiment-codemixing-jw-adv-0.4-valid.csv,indobert,sentiment,codemixing,jw,0.4,0.9376984126984126,0.8753968253968254,0.0623015873015871,0.927493030684335,10.063547619047618
42,indobert-sentiment-codemixing-jw-adv-0.6-valid.csv,indobert,sentiment,codemixing,jw,0.6,0.9376984126984126,0.861904761904762,0.07579365079365055,0.8995266580392445,9.200876984126985
43,indobert-sentiment-codemixing-jw-adv-0.8-valid.csv,indobert,sentiment,codemixing,jw,0.8,0.9376984126984126,0.8551587301587301,0.08253968253968245,0.8765852523583268,9.13308511904762
44,indobert-sentiment-codemixing-ms-adv-0.2-valid.csv,indobert,sentiment,codemixing,ms,0.2,0.9376984126984126,0.9067460317460319,0.030952380952380752,0.975195201403565,9.429793650793652
45,indobert-sentiment-codemixing-ms-adv-0.4-valid.csv,indobert,sentiment,codemixing,ms,0.4,0.9376984126984126,0.8960317460317461,0.0416666666666665,0.9535826653242111,10.22552380952381
46,indobert-sentiment-codemixing-ms-adv-0.6-valid.csv,indobert,sentiment,codemixing,ms,0.6,0.9376984126984126,0.8876984126984127,0.04999999999999985,0.9338501395036778,8.54257142857143
47,indobert-sentiment-codemixing-ms-adv-0.8-valid.csv,indobert,sentiment,codemixing,ms,0.8,0.9376984126984126,0.8833333333333333,0.05436507936507925,0.9173255705230293,8.849373015873015
48,indobert-sentiment-codemixing-su-adv-0.2-valid.csv,indobert,sentiment,codemixing,su,0.2,0.9376984126984126,0.8984126984126984,0.0392857142857141,0.9690885989675446,9.59290873015873
49,indobert-sentiment-codemixing-su-adv-0.4-valid.csv,indobert,sentiment,codemixing,su,0.4,0.9376984126984126,0.8777777777777778,0.0599206349206348,0.9406439039205747,10.253615079365078
50,indobert-sentiment-codemixing-su-adv-0.6-valid.csv,indobert,sentiment,codemixing,su,0.6,0.9376984126984126,0.8607142857142858,0.07698412698412685,0.9121268039657956,8.86522619047619
51,indobert-sentiment-codemixing-su-adv-0.8-valid.csv,indobert,sentiment,codemixing,su,0.8,0.9376984126984126,0.8511904761904762,0.0865079365079364,0.8873101926157398,9.480916666666667
52,indobert-sentiment-sr-adv-0.2-valid.csv,indobert,sentiment,sr,id,0.2,0.9376984126984126,0.9063492063492065,0.03134920634920615,0.9824836757447986,8.261515873015874
53,indobert-sentiment-sr-adv-0.4-valid.csv,indobert,sentiment,sr,id,0.4,0.9376984126984126,0.8996031746031746,0.038095238095237904,0.96505373264589,7.271023809523809
54,indobert-sentiment-sr-adv-0.6-valid.csv,indobert,sentiment,sr,id,0.6,0.9376984126984126,0.8996031746031746,0.038095238095237904,0.947903965177044,4.796880952380952
55,indobert-sentiment-sr-adv-0.8-valid.csv,indobert,sentiment,sr,id,0.8,0.9376984126984126,0.8837301587301587,0.0539682539682538,0.9300322238888059,3.802968055555555
56,indobertlarge-emotion-codemixing-en-adv-0.2-valid.csv,indobertlarge,emotion,codemixing,en,0.2,0.7568181818181818,0.6590909090909092,0.09772727272727265,0.9505361253565008,6.488522727272727
57,indobertlarge-emotion-codemixing-en-adv-0.4-valid.csv,indobertlarge,emotion,codemixing,en,0.4,0.7568181818181818,0.6295454545454546,0.12727272727272726,0.8944808193905787,6.834431818181818
58,indobertlarge-emotion-codemixing-en-adv-0.6-valid.csv,indobertlarge,emotion,codemixing,en,0.6,0.7568181818181818,0.6147727272727272,0.14204545454545447,0.8449498493563045,8.413568181818182
59,indobertlarge-emotion-codemixing-en-adv-0.8-valid.csv,indobertlarge,emotion,codemixing,en,0.8,0.7568181818181818,0.6045454545454545,0.15227272727272725,0.8206976401534947,11.361602272727273
60,indobertlarge-emotion-codemixing-fr-adv-0.2-valid.csv,indobertlarge,emotion,codemixing,fr,0.2,0.7568181818181818,0.5943181818181819,0.1624999999999999,0.9455012265931477,7.223397727272728
61,indobertlarge-emotion-codemixing-fr-adv-0.4-valid.csv,indobertlarge,emotion,codemixing,fr,0.4,0.7568181818181818,0.49204545454545456,0.26477272727272727,0.8880781765688549,6.699443181818181
62,indobertlarge-emotion-codemixing-fr-adv-0.6-valid.csv,indobertlarge,emotion,codemixing,fr,0.6,0.7568181818181818,0.4818181818181818,0.275,0.8383860398422588,9.437329545454546
63,indobertlarge-emotion-codemixing-fr-adv-0.8-valid.csv,indobertlarge,emotion,codemixing,fr,0.8,0.7568181818181818,0.4534090909090909,0.30340909090909096,0.8181037229570476,11.302852272727273
64,indobertlarge-emotion-codemixing-it-adv-0.2-valid.csv,indobertlarge,emotion,codemixing,it,0.2,0.7568181818181818,0.5875,0.1693181818181818,0.9483317037875002,7.4809090909090905
65,indobertlarge-emotion-codemixing-it-adv-0.4-valid.csv,indobertlarge,emotion,codemixing,it,0.4,0.7568181818181818,0.5136363636363637,0.2431818181818182,0.8939990687776695,7.081681818181819
66,indobertlarge-emotion-codemixing-it-adv-0.6-valid.csv,indobertlarge,emotion,codemixing,it,0.6,0.7568181818181818,0.4829545454545454,0.27386363636363636,0.8472562319175764,9.364556818181818
67,indobertlarge-emotion-codemixing-it-adv-0.8-valid.csv,indobertlarge,emotion,codemixing,it,0.8,0.7568181818181818,0.4602272727272727,0.2965909090909091,0.8211885378442028,10.620045454545455
68,indobertlarge-emotion-codemixing-jw-adv-0.2-valid.csv,indobertlarge,emotion,codemixing,jw,0.2,0.7568181818181818,0.6261363636363636,0.1306818181818182,0.96817237904126,6.961613636363635
69,indobertlarge-emotion-codemixing-jw-adv-0.4-valid.csv,indobertlarge,emotion,codemixing,jw,0.4,0.7568181818181818,0.571590909090909,0.18522727272727268,0.941129806028171,7.486284090909091
70,indobertlarge-emotion-codemixing-jw-adv-0.6-valid.csv,indobertlarge,emotion,codemixing,jw,0.6,0.7568181818181818,0.525,0.2318181818181818,0.9141252145848491,8.837397727272727
71,indobertlarge-emotion-codemixing-jw-adv-0.8-valid.csv,indobertlarge,emotion,codemixing,jw,0.8,0.7568181818181818,0.5011363636363636,0.25568181818181823,0.8900860875844956,9.781647727272727
72,indobertlarge-emotion-codemixing-ms-adv-0.2-valid.csv,indobertlarge,emotion,codemixing,ms,0.2,0.7568181818181818,0.6863636363636364,0.07045454545454541,0.9762272701344707,6.304795454545454
73,indobertlarge-emotion-codemixing-ms-adv-0.4-valid.csv,indobertlarge,emotion,codemixing,ms,0.4,0.7568181818181818,0.6670454545454545,0.08977272727272725,0.9557558284564451,7.22425
74,indobertlarge-emotion-codemixing-ms-adv-0.6-valid.csv,indobertlarge,emotion,codemixing,ms,0.6,0.7568181818181818,0.6590909090909092,0.09772727272727269,0.9377914543178948,8.999363636363636
75,indobertlarge-emotion-codemixing-ms-adv-0.8-valid.csv,indobertlarge,emotion,codemixing,ms,0.8,0.7568181818181818,0.6420454545454546,0.11477272727272719,0.9223998368463733,9.292818181818182
76,indobertlarge-emotion-codemixing-su-adv-0.2-valid.csv,indobertlarge,emotion,codemixing,su,0.2,0.7568181818181818,0.6284090909090909,0.12840909090909092,0.9706203524361956,6.44665909090909
77,indobertlarge-emotion-codemixing-su-adv-0.4-valid.csv,indobertlarge,emotion,codemixing,su,0.4,0.7568181818181818,0.5943181818181817,0.16249999999999998,0.944286747412248,7.644443181818181
78,indobertlarge-emotion-codemixing-su-adv-0.6-valid.csv,indobertlarge,emotion,codemixing,su,0.6,0.7568181818181818,0.5522727272727272,0.20454545454545453,0.9175065879794684,9.239920454545455
79,indobertlarge-emotion-codemixing-su-adv-0.8-valid.csv,indobertlarge,emotion,codemixing,su,0.8,0.7568181818181818,0.525,0.23181818181818176,0.8933025392619046,9.938420454545454
80,indobertlarge-emotion-sr-adv-0.2-valid.csv,indobertlarge,emotion,sr,id,0.2,0.7568181818181818,0.6693181818181818,0.0875,0.9836810386993668,4.6218295454545455
81,indobertlarge-emotion-sr-adv-0.4-valid.csv,indobertlarge,emotion,sr,id,0.4,0.7568181818181818,0.6420454545454546,0.1147727272727273,0.9727379286831076,4.566738636363636
82,indobertlarge-emotion-sr-adv-0.6-valid.csv,indobertlarge,emotion,sr,id,0.6,0.7568181818181818,0.6227272727272728,0.13409090909090904,0.9615877920931036,4.548011363636363
83,indobertlarge-emotion-sr-adv-0.8-valid.csv,indobertlarge,emotion,sr,id,0.8,0.7568181818181818,0.6215909090909091,0.1352272727272727,0.9527338956567375,4.702034090909091
84,indobertlarge-sentiment-codemixing-en-adv-0.2-valid.csv,indobertlarge,sentiment,codemixing,en,0.2,0.9412698412698413,0.9123015873015874,0.028968253968253747,0.9336919557007533,9.679662698412699
85,indobertlarge-sentiment-codemixing-en-adv-0.4-valid.csv,indobertlarge,sentiment,codemixing,en,0.4,0.9412698412698413,0.8932539682539683,0.048015873015872845,0.8679664385460671,13.736365079365079
86,indobertlarge-sentiment-codemixing-en-adv-0.6-valid.csv,indobertlarge,sentiment,codemixing,en,0.6,0.9412698412698413,0.8813492063492063,0.05992063492063485,0.8024980665642827,10.422873015873016
87,indobertlarge-sentiment-codemixing-en-adv-0.8-valid.csv,indobertlarge,sentiment,codemixing,en,0.8,0.9412698412698413,0.875,0.0662698412698412,0.7571591956984429,11.621416666666665
88,indobertlarge-sentiment-codemixing-fr-adv-0.2-valid.csv,indobertlarge,sentiment,codemixing,fr,0.2,0.9412698412698413,0.9007936507936508,0.040476190476190305,0.936779907274814,10.611988095238093
89,indobertlarge-sentiment-codemixing-fr-adv-0.4-valid.csv,indobertlarge,sentiment,codemixing,fr,0.4,0.9412698412698413,0.8726190476190476,0.0686507936507935,0.8758063380916914,13.763706349206348
90,indobertlarge-sentiment-codemixing-fr-adv-0.6-valid.csv,indobertlarge,sentiment,codemixing,fr,0.6,0.9412698412698413,0.8456349206349206,0.09563492063492054,0.812824548760222,10.807579365079366
91,indobertlarge-sentiment-codemixing-fr-adv-0.8-valid.csv,indobertlarge,sentiment,codemixing,fr,0.8,0.9412698412698413,0.8166666666666667,0.12460317460317445,0.7654149128212815,11.621940476190474
92,indobertlarge-sentiment-codemixing-it-adv-0.2-valid.csv,indobertlarge,sentiment,codemixing,it,0.2,0.9412698412698413,0.8932539682539683,0.048015873015872845,0.95117284745451,11.584289682539683
93,indobertlarge-sentiment-codemixing-it-adv-0.4-valid.csv,indobertlarge,sentiment,codemixing,it,0.4,0.9412698412698413,0.8615079365079366,0.07976190476190459,0.9040636123409347,15.472714285714286
94,indobertlarge-sentiment-codemixing-it-adv-0.6-valid.csv,indobertlarge,sentiment,codemixing,it,0.6,0.9412698412698413,0.8285714285714286,0.11269841269841255,0.8560516810074212,11.84376587301587
95,indobertlarge-sentiment-codemixing-it-adv-0.8-valid.csv,indobertlarge,sentiment,codemixing,it,0.8,0.9412698412698413,0.7952380952380953,0.1460317460317459,0.8174926639371921,11.228714285714286
96,indobertlarge-sentiment-codemixing-jw-adv-0.2-valid.csv,indobertlarge,sentiment,codemixing,jw,0.2,0.9412698412698413,0.9111111111111112,0.03015873015872995,0.9618847839652545,10.871337301587301
97,indobertlarge-sentiment-codemixing-jw-adv-0.4-valid.csv,indobertlarge,sentiment,codemixing,jw,0.4,0.9412698412698413,0.9027777777777778,0.038492063492063355,0.9291361414250874,13.419349206349207
98,indobertlarge-sentiment-codemixing-jw-adv-0.6-valid.csv,indobertlarge,sentiment,codemixing,jw,0.6,0.9412698412698413,0.892063492063492,0.0492063492063491,0.8975755734753514,11.866928571428573
99,indobertlarge-sentiment-codemixing-jw-adv-0.8-valid.csv,indobertlarge,sentiment,codemixing,jw,0.8,0.9412698412698413,0.8861111111111111,0.055158730158730004,0.8752782992841233,16.1111626984127
100,indobertlarge-sentiment-codemixing-ms-adv-0.2-valid.csv,indobertlarge,sentiment,codemixing,ms,0.2,0.9412698412698413,0.9206349206349207,0.02063492063492045,0.9755549293188821,10.505543650793651
101,indobertlarge-sentiment-codemixing-ms-adv-0.4-valid.csv,indobertlarge,sentiment,codemixing,ms,0.4,0.9412698412698413,0.913888888888889,0.02738095238095225,0.9549376206502083,13.709809523809524
102,indobertlarge-sentiment-codemixing-ms-adv-0.6-valid.csv,indobertlarge,sentiment,codemixing,ms,0.6,0.9412698412698413,0.9103174603174604,0.030952380952380752,0.9340240153173607,10.816607142857144
103,indobertlarge-sentiment-codemixing-ms-adv-0.8-valid.csv,indobertlarge,sentiment,codemixing,ms,0.8,0.9412698412698413,0.9011904761904762,0.04007936507936495,0.9173351846753606,11.097174603174603
104,indobertlarge-sentiment-codemixing-su-adv-0.2-valid.csv,indobertlarge,sentiment,codemixing,su,0.2,0.9412698412698413,0.9123015873015874,0.0289682539682538,0.9692610751068782,11.3500873015873
105,indobertlarge-sentiment-codemixing-su-adv-0.4-valid.csv,indobertlarge,sentiment,codemixing,su,0.4,0.9412698412698413,0.9051587301587302,0.036111111111111,0.9415278833063823,11.788075396825398
106,indobertlarge-sentiment-codemixing-su-adv-0.6-valid.csv,indobertlarge,sentiment,codemixing,su,0.6,0.9412698412698413,0.8928571428571429,0.048412698412698255,0.9120994622981737,10.761444444444445
107,indobertlarge-sentiment-codemixing-su-adv-0.8-valid.csv,indobertlarge,sentiment,codemixing,su,0.8,0.9412698412698413,0.8888888888888888,0.05238095238095235,0.8875199859695775,11.704309523809524
108,indobertlarge-sentiment-sr-adv-0.2-valid.csv,indobertlarge,sentiment,sr,id,0.2,0.9412698412698413,0.9142857142857144,0.02698412698412685,0.9815315944334817,8.96343253968254
109,indobertlarge-sentiment-sr-adv-0.4-valid.csv,indobertlarge,sentiment,sr,id,0.4,0.9412698412698413,0.9047619047619048,0.03650793650793635,0.9658631173627718,12.679166666666667
110,indobertlarge-sentiment-sr-adv-0.6-valid.csv,indobertlarge,sentiment,sr,id,0.6,0.9412698412698413,0.8924603174603174,0.0488095238095237,0.9450845628030716,7.363166666666667
111,indobertlarge-sentiment-sr-adv-0.8-valid.csv,indobertlarge,sentiment,sr,id,0.8,0.9412698412698413,0.8849206349206349,0.056349206349206246,0.9306685796510132,5.556553412698412
112,mbert-emotion-codemixing-en-adv-0.2-valid.csv,mbert,emotion,codemixing,en,0.2,0.6511363636363636,0.5352272727272728,0.1159090909090908,0.9571872705085712,4.539147727272727
113,mbert-emotion-codemixing-en-adv-0.4-valid.csv,mbert,emotion,codemixing,en,0.4,0.6511363636363636,0.5136363636363637,0.13749999999999996,0.9080588802695274,5.329625000000001
114,mbert-emotion-codemixing-en-adv-0.6-valid.csv,mbert,emotion,codemixing,en,0.6,0.6511363636363636,0.49999999999999994,0.15113636363636365,0.8648037107830697,7.574886363636363
115,mbert-emotion-codemixing-en-adv-0.8-valid.csv,mbert,emotion,codemixing,en,0.8,0.6511363636363636,0.5102272727272728,0.1409090909090909,0.8421205331656065,8.651045454545454
116,mbert-emotion-codemixing-fr-adv-0.2-valid.csv,mbert,emotion,codemixing,fr,0.2,0.6511363636363636,0.5056818181818181,0.14545454545454545,0.9391975644637237,3.6156394318181815
117,mbert-emotion-codemixing-fr-adv-0.4-valid.csv,mbert,emotion,codemixing,fr,0.4,0.6511363636363636,0.4693181818181818,0.18181818181818182,0.9015005431391976,6.658715909090909
118,mbert-emotion-codemixing-fr-adv-0.6-valid.csv,mbert,emotion,codemixing,fr,0.6,0.6511363636363636,0.44545454545454544,0.2056818181818182,0.8612706564366817,7.806954545454545
119,mbert-emotion-codemixing-fr-adv-0.8-valid.csv,mbert,emotion,codemixing,fr,0.8,0.6511363636363636,0.4670454545454545,0.18409090909090908,0.8416492227803577,11.055352272727273
120,mbert-emotion-codemixing-it-adv-0.2-valid.csv,mbert,emotion,codemixing,it,0.2,0.6511363636363636,0.49886363636363634,0.15227272727272725,0.942241695523262,4.277781704545454
121,mbert-emotion-codemixing-it-adv-0.4-valid.csv,mbert,emotion,codemixing,it,0.4,0.6511363636363636,0.46704545454545454,0.18409090909090908,0.9096888003024188,6.716193181818182
122,mbert-emotion-codemixing-it-adv-0.6-valid.csv,mbert,emotion,codemixing,it,0.6,0.6511363636363636,0.45227272727272727,0.19886363636363635,0.8692084894261577,7.756874999999999
123,mbert-emotion-codemixing-it-adv-0.8-valid.csv,mbert,emotion,codemixing,it,0.8,0.6511363636363636,0.4556818181818182,0.19545454545454544,0.847904879396612,11.675590909090907
124,mbert-emotion-codemixing-jw-adv-0.2-valid.csv,mbert,emotion,codemixing,jw,0.2,0.6511363636363636,0.5022727272727273,0.1488636363636363,0.9739067887718027,4.8225
125,mbert-emotion-codemixing-jw-adv-0.4-valid.csv,mbert,emotion,codemixing,jw,0.4,0.6511363636363636,0.4477272727272727,0.2034090909090909,0.9506788032976063,6.0018068181818185
126,mbert-emotion-codemixing-jw-adv-0.6-valid.csv,mbert,emotion,codemixing,jw,0.6,0.6511363636363636,0.425,0.22613636363636358,0.9287213910032404,7.124204545454546
127,mbert-emotion-codemixing-jw-adv-0.8-valid.csv,mbert,emotion,codemixing,jw,0.8,0.6511363636363636,0.41136363636363626,0.2397727272727273,0.9073530389503999,7.9012613636363636
128,mbert-emotion-codemixing-ms-adv-0.2-valid.csv,mbert,emotion,codemixing,ms,0.2,0.6511363636363636,0.5545454545454546,0.096590909090909,0.9792154224758799,4.571806818181819
129,mbert-emotion-codemixing-ms-adv-0.4-valid.csv,mbert,emotion,codemixing,ms,0.4,0.6511363636363636,0.5329545454545455,0.1181818181818181,0.9626470512287184,5.471897727272728
130,mbert-emotion-codemixing-ms-adv-0.6-valid.csv,mbert,emotion,codemixing,ms,0.6,0.6511363636363636,0.5159090909090909,0.13522727272727264,0.9488111848180945,6.573386363636364
131,mbert-emotion-codemixing-ms-adv-0.8-valid.csv,mbert,emotion,codemixing,ms,0.8,0.6511363636363636,0.5136363636363637,0.13749999999999996,0.9359323725781659,7.962704545454546
132,mbert-emotion-codemixing-su-adv-0.2-valid.csv,mbert,emotion,codemixing,su,0.2,0.6511363636363636,0.5181818181818182,0.1329545454545454,0.9748966784639792,4.628261363636364
133,mbert-emotion-codemixing-su-adv-0.4-valid.csv,mbert,emotion,codemixing,su,0.4,0.6511363636363636,0.4784090909090909,0.17272727272727276,0.9525562316179276,5.842227272727273
134,mbert-emotion-codemixing-su-adv-0.6-valid.csv,mbert,emotion,codemixing,su,0.6,0.6511363636363636,0.4579545454545454,0.1931818181818182,0.9305500666526231,6.507693181818182
135,mbert-emotion-codemixing-su-adv-0.8-valid.csv,mbert,emotion,codemixing,su,0.8,0.6511363636363636,0.4568181818181818,0.19431818181818186,0.9101752556860447,8.429375
136,mbert-emotion-sr-adv-0.2-valid.csv,mbert,emotion,sr,id,0.2,0.6511363636363636,0.5340909090909092,0.11704545454545445,0.9857582034712489,3.249363636363637
137,mbert-emotion-sr-adv-0.4-valid.csv,mbert,emotion,sr,id,0.4,0.6511363636363636,0.5011363636363637,0.14999999999999997,0.9766800767318768,4.065352272727273
138,mbert-emotion-sr-adv-0.6-valid.csv,mbert,emotion,sr,id,0.6,0.6511363636363636,0.5045454545454546,0.14659090909090905,0.9681330647658217,3.851590909090909
139,mbert-emotion-sr-adv-0.8-valid.csv,mbert,emotion,sr,id,0.8,0.6511363636363636,0.4784090909090909,0.1727272727272727,0.9594160483642057,3.566806818181819
140,mbert-sentiment-codemixing-en-adv-0.2-valid.csv,mbert,sentiment,codemixing,en,0.2,0.8976190476190476,0.846031746031746,0.05158730158730155,0.938351844960735,8.102976190476191
141,mbert-sentiment-codemixing-en-adv-0.4-valid.csv,mbert,sentiment,codemixing,en,0.4,0.8976190476190476,0.8214285714285714,0.0761904761904762,0.8759363781365137,9.547380952380953
142,mbert-sentiment-codemixing-en-adv-0.6-valid.csv,mbert,sentiment,codemixing,en,0.6,0.8976190476190476,0.8099206349206349,0.08769841269841265,0.8117868698069027,7.889999999999999
143,mbert-sentiment-codemixing-en-adv-0.8-valid.csv,mbert,sentiment,codemixing,en,0.8,0.8976190476190476,0.8198412698412698,0.0777777777777778,0.7936519059396925,13.472452380952381
144,mbert-sentiment-codemixing-fr-adv-0.2-valid.csv,mbert,sentiment,codemixing,fr,0.2,0.8976190476190476,0.846031746031746,0.05158730158730155,0.9412163380829115,12.134984126984126
145,mbert-sentiment-codemixing-fr-adv-0.4-valid.csv,mbert,sentiment,codemixing,fr,0.4,0.8976190476190476,0.8103174603174603,0.08730158730158726,0.8783456115377328,7.928999999999999
146,mbert-sentiment-codemixing-fr-adv-0.6-valid.csv,mbert,sentiment,codemixing,fr,0.6,0.8976190476190476,0.8063492063492064,0.0912698412698413,0.8231548615864345,8.399777777777777
147,mbert-sentiment-codemixing-fr-adv-0.8-valid.csv,mbert,sentiment,codemixing,fr,0.8,0.8976190476190476,0.803968253968254,0.09365079365079365,0.776127138556469,8.867015317460318
148,mbert-sentiment-codemixing-it-adv-0.2-valid.csv,mbert,sentiment,codemixing,it,0.2,0.8976190476190476,0.8412698412698413,0.05634920634920635,0.9541595018808804,11.141039682539681
149,mbert-sentiment-codemixing-it-adv-0.4-valid.csv,mbert,sentiment,codemixing,it,0.4,0.8976190476190476,0.8115079365079365,0.08611111111111115,0.9064583781160532,8.657357142857142
150,mbert-sentiment-codemixing-it-adv-0.6-valid.csv,mbert,sentiment,codemixing,it,0.6,0.8976190476190476,0.8043650793650794,0.09325396825396826,0.8624747304630185,8.591690476190475
151,mbert-sentiment-codemixing-it-adv-0.8-valid.csv,mbert,sentiment,codemixing,it,0.8,0.8976190476190476,0.8035714285714286,0.09404761904761905,0.8252844335481762,7.944673214285714
152,mbert-sentiment-codemixing-jw-adv-0.2-valid.csv,mbert,sentiment,codemixing,jw,0.2,0.8976190476190476,0.8412698412698413,0.05634920634920635,0.9644528221279856,8.449948412698411
153,mbert-sentiment-codemixing-jw-adv-0.4-valid.csv,mbert,sentiment,codemixing,jw,0.4,0.8976190476190476,0.8174603174603174,0.08015873015873015,0.9315363151331741,8.05518253968254
154,mbert-sentiment-codemixing-jw-adv-0.6-valid.csv,mbert,sentiment,codemixing,jw,0.6,0.8976190476190476,0.8123015873015873,0.0853174603174603,0.904643220182449,8.14956746031746
155,mbert-sentiment-codemixing-jw-adv-0.8-valid.csv,mbert,sentiment,codemixing,jw,0.8,0.8976190476190476,0.8138888888888889,0.0837301587301587,0.8811391608582603,7.9695382142857145
156,mbert-sentiment-codemixing-ms-adv-0.2-valid.csv,mbert,sentiment,codemixing,ms,0.2,0.8976190476190476,0.8591269841269842,0.03849206349206345,0.9771187006717637,8.742916666666666
157,mbert-sentiment-codemixing-ms-adv-0.4-valid.csv,mbert,sentiment,codemixing,ms,0.4,0.8976190476190476,0.8388888888888889,0.0587301587301587,0.9560578202740068,6.7291428571428575
158,mbert-sentiment-codemixing-ms-adv-0.6-valid.csv,mbert,sentiment,codemixing,ms,0.6,0.8976190476190476,0.8293650793650793,0.06825396825396825,0.9372737320701754,7.4658373015873005
159,mbert-sentiment-codemixing-ms-adv-0.8-valid.csv,mbert,sentiment,codemixing,ms,0.8,0.8976190476190476,0.8261904761904761,0.07142857142857145,0.920765345655973,7.8154844444444445
160,mbert-sentiment-codemixing-su-adv-0.2-valid.csv,mbert,sentiment,codemixing,su,0.2,0.8976190476190476,0.8416666666666667,0.05595238095238095,0.9706683752792221,8.336912698412698
161,mbert-sentiment-codemixing-su-adv-0.4-valid.csv,mbert,sentiment,codemixing,su,0.4,0.8976190476190476,0.8071428571428572,0.09047619047619046,0.9417130850373754,6.889222222222223
162,mbert-sentiment-codemixing-su-adv-0.6-valid.csv,mbert,sentiment,codemixing,su,0.6,0.8976190476190476,0.7936507936507937,0.10396825396825395,0.9156332919994989,8.040273809523809
163,mbert-sentiment-codemixing-su-adv-0.8-valid.csv,mbert,sentiment,codemixing,su,0.8,0.8976190476190476,0.7833333333333333,0.1142857142857143,0.890752237999723,8.045205793650792
164,mbert-sentiment-sr-adv-0.2-valid.csv,mbert,sentiment,sr,id,0.2,0.8976190476190476,0.8511904761904762,0.04642857142857145,0.9819948502476255,6.746507936507937
165,mbert-sentiment-sr-adv-0.4-valid.csv,mbert,sentiment,sr,id,0.4,0.8976190476190476,0.8373015873015873,0.06031746031746025,0.9637079050912271,4.2087023809523805
166,mbert-sentiment-sr-adv-0.6-valid.csv,mbert,sentiment,sr,id,0.6,0.8976190476190476,0.8174603174603174,0.08015873015873015,0.9457121640739459,3.502555515873016
167,mbert-sentiment-sr-adv-0.8-valid.csv,mbert,sentiment,sr,id,0.8,0.8976190476190476,0.801984126984127,0.09563492063492054,0.9297836314413757,3.230728412698413
168,xlmr-emotion-codemixing-en-adv-0.2-valid.csv,xlmr,emotion,codemixing,en,0.2,0.7261363636363636,0.6227272727272728,0.10340909090909085,0.9529295195232739,5.218875000000001
169,xlmr-emotion-codemixing-en-adv-0.4-valid.csv,xlmr,emotion,codemixing,en,0.4,0.7261363636363636,0.6136363636363636,0.1124999999999999,0.8988056732849641,6.352875000000001
170,xlmr-emotion-codemixing-en-adv-0.6-valid.csv,xlmr,emotion,codemixing,en,0.6,0.7261363636363636,0.6068181818181819,0.11931818181818175,0.8508531647649678,7.796556818181818
171,xlmr-emotion-codemixing-en-adv-0.8-valid.csv,xlmr,emotion,codemixing,en,0.8,0.7261363636363636,0.6193181818181819,0.10681818181818176,0.8291873218661004,10.021693181818183
172,xlmr-emotion-codemixing-fr-adv-0.2-valid.csv,xlmr,emotion,codemixing,fr,0.2,0.7261363636363636,0.5909090909090909,0.13522727272727264,0.948951115120541,5.796556818181818
173,xlmr-emotion-codemixing-fr-adv-0.4-valid.csv,xlmr,emotion,codemixing,fr,0.4,0.7261363636363636,0.5511363636363635,0.175,0.894642606783997,6.345113636363636
174,xlmr-emotion-codemixing-fr-adv-0.6-valid.csv,xlmr,emotion,codemixing,fr,0.6,0.7261363636363636,0.5465909090909091,0.1795454545454545,0.848055902326649,8.320602272727271
175,xlmr-emotion-codemixing-fr-adv-0.8-valid.csv,xlmr,emotion,codemixing,fr,0.8,0.7261363636363636,0.5454545454545454,0.18068181818181817,0.824884785914963,15.854579545454547
176,xlmr-emotion-codemixing-it-adv-0.2-valid.csv,xlmr,emotion,codemixing,it,0.2,0.7261363636363636,0.584090909090909,0.14204545454545456,0.9517520789395679,8.397272727272728
177,xlmr-emotion-codemixing-it-adv-0.4-valid.csv,xlmr,emotion,codemixing,it,0.4,0.7261363636363636,0.5431818181818182,0.18295454545454543,0.9019921140237288,6.735886363636364
178,xlmr-emotion-codemixing-it-adv-0.6-valid.csv,xlmr,emotion,codemixing,it,0.6,0.7261363636363636,0.5386363636363636,0.18749999999999994,0.8554209014908833,8.338170454545455
179,xlmr-emotion-codemixing-it-adv-0.8-valid.csv,xlmr,emotion,codemixing,it,0.8,0.7261363636363636,0.5375000000000001,0.18863636363636355,0.8299659103832462,13.365772727272727
180,xlmr-emotion-codemixing-jw-adv-0.2-valid.csv,xlmr,emotion,codemixing,jw,0.2,0.7261363636363636,0.5943181818181819,0.13181818181818175,0.9710747862404044,5.533602272727272
181,xlmr-emotion-codemixing-jw-adv-0.4-valid.csv,xlmr,emotion,codemixing,jw,0.4,0.7261363636363636,0.5477272727272727,0.17840909090909085,0.945336022024805,6.333977272727273
182,xlmr-emotion-codemixing-jw-adv-0.6-valid.csv,xlmr,emotion,codemixing,jw,0.6,0.7261363636363636,0.5386363636363637,0.18749999999999994,0.9190581614320927,7.919681818181818
183,xlmr-emotion-codemixing-jw-adv-0.8-valid.csv,xlmr,emotion,codemixing,jw,0.8,0.7261363636363636,0.5272727272727273,0.19886363636363635,0.8972348557277159,8.435204545454544
184,xlmr-emotion-codemixing-ms-adv-0.2-valid.csv,xlmr,emotion,codemixing,ms,0.2,0.7261363636363636,0.6375,0.08863636363636365,0.9767495256255974,5.41925
185,xlmr-emotion-codemixing-ms-adv-0.4-valid.csv,xlmr,emotion,codemixing,ms,0.4,0.7261363636363636,0.6272727272727273,0.09886363636363624,0.9569791852073236,5.978068181818182
186,xlmr-emotion-codemixing-ms-adv-0.6-valid.csv,xlmr,emotion,codemixing,ms,0.6,0.7261363636363636,0.615909090909091,0.1102272727272727,0.9399331575090236,7.292204545454545
187,xlmr-emotion-codemixing-ms-adv-0.8-valid.csv,xlmr,emotion,codemixing,ms,0.8,0.7261363636363636,0.6011363636363636,0.12499999999999994,0.928784939917651,7.773840909090909
188,xlmr-emotion-codemixing-su-adv-0.2-valid.csv,xlmr,emotion,codemixing,su,0.2,0.7261363636363636,0.5909090909090908,0.1352272727272727,0.9712481795386835,5.561170454545454
189,xlmr-emotion-codemixing-su-adv-0.4-valid.csv,xlmr,emotion,codemixing,su,0.4,0.7261363636363636,0.5443181818181818,0.1818181818181818,0.945971626449715,6.079045454545454
190,xlmr-emotion-codemixing-su-adv-0.6-valid.csv,xlmr,emotion,codemixing,su,0.6,0.7261363636363636,0.5261363636363636,0.2,0.9207390172915024,7.480761363636363
191,xlmr-emotion-codemixing-su-adv-0.8-valid.csv,xlmr,emotion,codemixing,su,0.8,0.7261363636363636,0.5125000000000001,0.2136363636363636,0.9003565316850489,8.072909090909091
192,xlmr-emotion-sr-adv-0.2-valid.csv,xlmr,emotion,sr,id,0.2,0.7261363636363636,0.6102272727272727,0.1159090909090909,0.9848792638968338,3.874625
193,xlmr-emotion-sr-adv-0.4-valid.csv,xlmr,emotion,sr,id,0.4,0.7261363636363636,0.5874999999999999,0.13863636363636367,0.9739904600788246,3.7312386363636363
194,xlmr-emotion-sr-adv-0.6-valid.csv,xlmr,emotion,sr,id,0.6,0.7261363636363636,0.5806818181818181,0.14545454545454545,0.9643483036621051,4.007659090909091
195,xlmr-emotion-sr-adv-0.8-valid.csv,xlmr,emotion,sr,id,0.8,0.7261363636363636,0.5568181818181819,0.1693181818181818,0.9569347637620839,4.186340909090909
196,xlmr-sentiment-codemixing-en-adv-0.2-valid.csv,xlmr,sentiment,codemixing,en,0.2,0.9301587301587302,0.9059523809523811,0.02420634920634915,0.9285229961077373,9.554031746031747
197,xlmr-sentiment-codemixing-en-adv-0.4-valid.csv,xlmr,sentiment,codemixing,en,0.4,0.9301587301587302,0.8944444444444445,0.03571428571428565,0.8638879630773786,10.145611111111108
198,xlmr-sentiment-codemixing-en-adv-0.6-valid.csv,xlmr,sentiment,codemixing,en,0.6,0.9301587301587302,0.9011904761904763,0.0289682539682539,0.882974447871721,9.345472222222222
199,xlmr-sentiment-codemixing-en-adv-0.8-valid.csv,xlmr,sentiment,codemixing,en,0.8,0.9301587301587302,0.8876984126984127,0.0424603174603174,0.7535546938519155,9.281972222222223
200,xlmr-sentiment-codemixing-fr-adv-0.2-valid.csv,xlmr,sentiment,codemixing,fr,0.2,0.9301587301587302,0.8884920634920634,0.0416666666666667,0.9329992945468616,11.46663888888889
201,xlmr-sentiment-codemixing-fr-adv-0.4-valid.csv,xlmr,sentiment,codemixing,fr,0.4,0.9301587301587302,0.8682539682539683,0.06190476190476185,0.8673798642934315,7.913249999999998
202,xlmr-sentiment-codemixing-fr-adv-0.6-valid.csv,xlmr,sentiment,codemixing,fr,0.6,0.9301587301587302,0.859920634920635,0.07023809523809521,0.8120575721597387,8.556861111111111
203,xlmr-sentiment-codemixing-fr-adv-0.8-valid.csv,xlmr,sentiment,codemixing,fr,0.8,0.9301587301587302,0.861904761904762,0.06825396825396825,0.7671849588789638,9.555321428571428
204,xlmr-sentiment-codemixing-it-adv-0.2-valid.csv,xlmr,sentiment,codemixing,it,0.2,0.9301587301587302,0.8805555555555555,0.0496031746031746,0.9480862685848797,10.378119047619048
205,xlmr-sentiment-codemixing-it-adv-0.4-valid.csv,xlmr,sentiment,codemixing,it,0.4,0.9301587301587302,0.8662698412698413,0.06388888888888886,0.9024557276141076,17.342837301587302
206,xlmr-sentiment-codemixing-it-adv-0.6-valid.csv,xlmr,sentiment,codemixing,it,0.6,0.9301587301587302,0.8567460317460318,0.0734126984126984,0.8566734832844564,8.222674603174603
207,xlmr-sentiment-codemixing-it-adv-0.8-valid.csv,xlmr,sentiment,codemixing,it,0.8,0.9301587301587302,0.8531746031746033,0.07698412698412696,0.8194688054481669,10.563742063492064
208,xlmr-sentiment-codemixing-jw-adv-0.2-valid.csv,xlmr,sentiment,codemixing,jw,0.2,0.9301587301587302,0.890079365079365,0.040079365079365104,0.9573265612834976,9.626007936507936
209,xlmr-sentiment-codemixing-jw-adv-0.4-valid.csv,xlmr,sentiment,codemixing,jw,0.4,0.9301587301587302,0.8801587301587301,0.05,0.9268171193107726,9.525503968253968
210,xlmr-sentiment-codemixing-jw-adv-0.6-valid.csv,xlmr,sentiment,codemixing,jw,0.6,0.9301587301587302,0.8924603174603175,0.03769841269841265,0.9372830514929124,10.43470238095238
211,xlmr-sentiment-codemixing-jw-adv-0.8-valid.csv,xlmr,sentiment,codemixing,jw,0.8,0.9301587301587302,0.8646825396825397,0.06547619047619045,0.8752809032147366,9.940063492063492
212,xlmr-sentiment-codemixing-ms-adv-0.2-valid.csv,xlmr,sentiment,codemixing,ms,0.2,0.9301587301587302,0.9015873015873016,0.028571428571428498,0.9725352814509756,9.251353174603176
213,xlmr-sentiment-codemixing-ms-adv-0.4-valid.csv,xlmr,sentiment,codemixing,ms,0.4,0.9301587301587302,0.8948412698412699,0.03531746031746025,0.952922157470196,9.279829365079365
214,xlmr-sentiment-codemixing-ms-adv-0.6-valid.csv,xlmr,sentiment,codemixing,ms,0.6,0.9301587301587302,0.8904761904761904,0.03968253968253965,0.9326515870198371,8.15495238095238
215,xlmr-sentiment-codemixing-ms-adv-0.8-valid.csv,xlmr,sentiment,codemixing,ms,0.8,0.9301587301587302,0.8841269841269841,0.04603174603174605,0.91632386496261,10.911210317460316
216,xlmr-sentiment-codemixing-su-adv-0.2-valid.csv,xlmr,sentiment,codemixing,su,0.2,0.9301587301587302,0.8924603174603175,0.0376984126984126,0.9660602789313073,10.613297619047618
217,xlmr-sentiment-codemixing-su-adv-0.4-valid.csv,xlmr,sentiment,codemixing,su,0.4,0.9301587301587302,0.875,0.05515873015873015,0.9391654292505884,9.465940476190475
218,xlmr-sentiment-codemixing-su-adv-0.6-valid.csv,xlmr,sentiment,codemixing,su,0.6,0.9301587301587302,0.8567460317460318,0.0734126984126984,0.9105019845423243,8.549456349206348
219,xlmr-sentiment-codemixing-su-adv-0.8-valid.csv,xlmr,sentiment,codemixing,su,0.8,0.9301587301587302,0.8492063492063492,0.08095238095238096,0.8862853785828939,9.155123015873016
220,xlmr-sentiment-sr-adv-0.2-valid.csv,xlmr,sentiment,sr,id,0.2,0.9301587301587302,0.8988095238095238,0.0313492063492063,0.9801276242685696,7.899019841269841
221,xlmr-sentiment-sr-adv-0.4-valid.csv,xlmr,sentiment,sr,id,0.4,0.9301587301587302,0.878968253968254,0.05119047619047615,0.961926294863224,7.070607142857143
222,xlmr-sentiment-sr-adv-0.6-valid.csv,xlmr,sentiment,sr,id,0.6,0.9301587301587302,0.8702380952380953,0.059920634920634853,0.945208877768545,3.708153611111111
223,xlmr-sentiment-sr-adv-0.8-valid.csv,xlmr,sentiment,sr,id,0.8,0.9301587301587302,0.859920634920635,0.0702380952380952,0.9291508597159196,3.4779886111111114
224,xlmrlarge-emotion-codemixing-en-adv-0.2-valid.csv,xlmrlarge,emotion,codemixing,en,0.2,0.7602272727272728,0.6522727272727273,0.1079545454545454,0.9160635315220464,0.7932673863636364
225,xlmrlarge-emotion-codemixing-en-adv-0.4-valid.csv,xlmrlarge,emotion,codemixing,en,0.4,0.7602272727272728,0.6363636363636364,0.12386363636363634,0.8701287079433149,1.3817
226,xlmrlarge-emotion-codemixing-en-adv-0.6-valid.csv,xlmrlarge,emotion,codemixing,en,0.6,0.7602272727272728,0.6261363636363636,0.1340909090909091,0.8184143739837137,1.9947695454545453
227,xlmrlarge-emotion-codemixing-en-adv-0.8-valid.csv,xlmrlarge,emotion,codemixing,en,0.8,0.7602272727272728,0.6136363636363636,0.1465909090909091,0.7646454659036614,2.469757159090909
228,xlmrlarge-emotion-codemixing-fr-adv-0.2-valid.csv,xlmrlarge,emotion,codemixing,fr,0.2,0.7602272727272728,0.6056818181818182,0.1545454545454546,0.91636335412887,0.9135814772727273
229,xlmrlarge-emotion-codemixing-fr-adv-0.4-valid.csv,xlmrlarge,emotion,codemixing,fr,0.4,0.7602272727272728,0.5727272727272728,0.18749999999999994,0.8709476588463241,1.4955623863636365
230,xlmrlarge-emotion-codemixing-fr-adv-0.6-valid.csv,xlmrlarge,emotion,codemixing,fr,0.6,0.7602272727272728,0.5556818181818182,0.20454545454545453,0.8204355181279508,2.057177954545455
231,xlmrlarge-emotion-codemixing-fr-adv-0.8-valid.csv,xlmrlarge,emotion,codemixing,fr,0.8,0.7602272727272728,0.5590909090909091,0.2011363636363636,0.768623001975092,2.8057031818181817
232,xlmrlarge-emotion-codemixing-it-adv-0.2-valid.csv,xlmrlarge,emotion,codemixing,it,0.2,0.7602272727272728,0.5943181818181819,0.16590909090909084,0.9191735179586844,0.8832249999999999
233,xlmrlarge-emotion-codemixing-it-adv-0.4-valid.csv,xlmrlarge,emotion,codemixing,it,0.4,0.7602272727272728,0.5522727272727272,0.2079545454545454,0.8776012870398435,1.5641005681818183
234,xlmrlarge-emotion-codemixing-it-adv-0.6-valid.csv,xlmrlarge,emotion,codemixing,it,0.6,0.7602272727272728,0.5636363636363636,0.1965909090909091,0.8354168586771598,2.1482028409090907
235,xlmrlarge-emotion-codemixing-it-adv-0.8-valid.csv,xlmrlarge,emotion,codemixing,it,0.8,0.7602272727272728,0.5659090909090909,0.19431818181818178,0.7961208166046576,2.718952272727273
236,xlmrlarge-emotion-codemixing-jw-adv-0.2-valid.csv,xlmrlarge,emotion,codemixing,jw,0.2,0.7602272727272728,0.615909090909091,0.14431818181818185,0.9321365393698215,1.390145340909091
237,xlmrlarge-emotion-codemixing-jw-adv-0.4-valid.csv,xlmrlarge,emotion,codemixing,jw,0.4,0.7602272727272728,0.571590909090909,0.18863636363636366,0.9100207109004259,2.190568295454545
238,xlmrlarge-emotion-codemixing-jw-adv-0.6-valid.csv,xlmrlarge,emotion,codemixing,jw,0.6,0.7602272727272728,0.5522727272727272,0.20795454545454545,0.8873942624438893,3.0967034090909085
239,xlmrlarge-emotion-codemixing-jw-adv-0.8-valid.csv,xlmrlarge,emotion,codemixing,jw,0.8,0.7602272727272728,0.5363636363636364,0.2238636363636364,0.8661355497654188,3.8484712500000002
240,xlmrlarge-emotion-codemixing-ms-adv-0.2-valid.csv,xlmrlarge,emotion,codemixing,ms,0.2,0.7602272727272728,0.634090909090909,0.12613636363636366,0.9385089851577174,1.0999917045454546
241,xlmrlarge-emotion-codemixing-ms-adv-0.4-valid.csv,xlmrlarge,emotion,codemixing,ms,0.4,0.7602272727272728,0.625,0.1352272727272727,0.9221564313227482,1.9349754545454543
242,xlmrlarge-emotion-codemixing-ms-adv-0.6-valid.csv,xlmrlarge,emotion,codemixing,ms,0.6,0.7602272727272728,0.6079545454545454,0.15227272727272725,0.9065465590493247,2.727183181818181
243,xlmrlarge-emotion-codemixing-ms-adv-0.8-valid.csv,xlmrlarge,emotion,codemixing,ms,0.8,0.7602272727272728,0.5954545454545455,0.16477272727272724,0.8952131488783793,3.3762015909090906
244,xlmrlarge-emotion-codemixing-su-adv-0.2-valid.csv,xlmrlarge,emotion,codemixing,su,0.2,0.7602272727272728,0.5920454545454545,0.16818181818181815,0.9344991959970106,1.261314431818182
245,xlmrlarge-emotion-codemixing-su-adv-0.4-valid.csv,xlmrlarge,emotion,codemixing,su,0.4,0.7602272727272728,0.5590909090909091,0.2011363636363636,0.9130173298445614,2.247509659090909
246,xlmrlarge-emotion-codemixing-su-adv-0.6-valid.csv,xlmrlarge,emotion,codemixing,su,0.6,0.7602272727272728,0.5556818181818182,0.20454545454545456,0.889426758445122,3.0276032954545453
247,xlmrlarge-emotion-codemixing-su-adv-0.8-valid.csv,xlmrlarge,emotion,codemixing,su,0.8,0.7602272727272728,0.5397727272727273,0.22045454545454546,0.8686262167651544,3.7289763636363635
248,xlmrlarge-emotion-sr-adv-0.2-valid.csv,xlmrlarge,emotion,sr,id,0.2,0.7602272727272728,0.6363636363636364,0.1238636363636364,0.9446174820715731,0.20340818181818182
249,xlmrlarge-emotion-sr-adv-0.4-valid.csv,xlmrlarge,emotion,sr,id,0.4,0.7602272727272728,0.5931818181818181,0.1670454545454546,0.9360996110534126,0.16410772727272727
250,xlmrlarge-emotion-sr-adv-0.6-valid.csv,xlmrlarge,emotion,sr,id,0.6,0.7602272727272728,0.5806818181818182,0.17954545454545456,0.9271344479512085,0.15732397727272723
251,xlmrlarge-emotion-sr-adv-0.8-valid.csv,xlmrlarge,emotion,sr,id,0.8,0.7602272727272728,0.5818181818181818,0.17840909090909085,0.9184910033575513,0.16467965909090904
252,xlmrlarge-sentiment-codemixing-en-adv-0.2-valid.csv,xlmrlarge,sentiment,codemixing,en,0.2,0.9428571428571428,0.9206349206349206,0.0222222222222222,0.9233828596061184,1.1714723015873014
253,xlmrlarge-sentiment-codemixing-en-adv-0.4-valid.csv,xlmrlarge,sentiment,codemixing,en,0.4,0.9428571428571428,0.9134920634920636,0.0293650793650792,0.8562422649491401,2.1537704365079366
254,xlmrlarge-sentiment-codemixing-en-adv-0.6-valid.csv,xlmrlarge,sentiment,codemixing,en,0.6,0.9428571428571428,0.9103174603174604,0.032539682539682396,0.789538832913552,3.408016349206349
255,xlmrlarge-sentiment-codemixing-en-adv-0.8-valid.csv,xlmrlarge,sentiment,codemixing,en,0.8,0.9428571428571428,0.9051587301587303,0.0376984126984126,0.7277670712520679,3.5528859126984127
256,xlmrlarge-sentiment-codemixing-fr-adv-0.2-valid.csv,xlmrlarge,sentiment,codemixing,fr,0.2,0.9428571428571428,0.8972222222222221,0.0456349206349206,0.9284982217800997,1.4003513095238094
257,xlmrlarge-sentiment-codemixing-fr-adv-0.4-valid.csv,xlmrlarge,sentiment,codemixing,fr,0.4,0.9428571428571428,0.8841269841269841,0.0587301587301587,0.8649008647671768,2.1705635714285716
258,xlmrlarge-sentiment-codemixing-fr-adv-0.6-valid.csv,xlmrlarge,sentiment,codemixing,fr,0.6,0.9428571428571428,0.8706349206349207,0.07222222222222216,0.8022081600176909,3.1272514285714292
259,xlmrlarge-sentiment-codemixing-fr-adv-0.8-valid.csv,xlmrlarge,sentiment,codemixing,fr,0.8,0.9428571428571428,0.8615079365079366,0.08134920634920625,0.7421249732729935,4.062527698412698
260,xlmrlarge-sentiment-codemixing-it-adv-0.2-valid.csv,xlmrlarge,sentiment,codemixing,it,0.2,0.9428571428571428,0.9,0.0428571428571428,0.9435754352145724,1.4327035317460317
261,xlmrlarge-sentiment-codemixing-it-adv-0.4-valid.csv,xlmrlarge,sentiment,codemixing,it,0.4,0.9428571428571428,0.8884920634920634,0.0543650793650793,0.8965485989101349,2.2859421825396824
262,xlmrlarge-sentiment-codemixing-it-adv-0.6-valid.csv,xlmrlarge,sentiment,codemixing,it,0.6,0.9428571428571428,0.8753968253968254,0.0674603174603174,0.851933778751464,3.2757742460317454
263,xlmrlarge-sentiment-codemixing-it-adv-0.8-valid.csv,xlmrlarge,sentiment,codemixing,it,0.8,0.9428571428571428,0.8690476190476191,0.0738095238095237,0.810467879060242,4.000044722222222
264,xlmrlarge-sentiment-codemixing-jw-adv-0.2-valid.csv,xlmrlarge,sentiment,codemixing,jw,0.2,0.9428571428571428,0.8976190476190476,0.0452380952380951,0.9561053044857487,1.93362376984127
265,xlmrlarge-sentiment-codemixing-jw-adv-0.4-valid.csv,xlmrlarge,sentiment,codemixing,jw,0.4,0.9428571428571428,0.8904761904761904,0.052380952380952306,0.9239780520754202,3.271043174603175
266,xlmrlarge-sentiment-codemixing-jw-adv-0.6-valid.csv,xlmrlarge,sentiment,codemixing,jw,0.6,0.9428571428571428,0.8825396825396825,0.0603174603174602,0.8958105437339299,4.2852298809523806
267,xlmrlarge-sentiment-codemixing-jw-adv-0.8-valid.csv,xlmrlarge,sentiment,codemixing,jw,0.8,0.9428571428571428,0.875,0.06785714285714281,0.8715240614045234,4.922193253968254
268,xlmrlarge-sentiment-codemixing-ms-adv-0.2-valid.csv,xlmrlarge,sentiment,codemixing,ms,0.2,0.9428571428571428,0.9210317460317461,0.0218253968253967,0.9699759938414136,1.6988346825396825
269,xlmrlarge-sentiment-codemixing-ms-adv-0.4-valid.csv,xlmrlarge,sentiment,codemixing,ms,0.4,0.9428571428571428,0.9154761904761906,0.027380952380952298,0.9489663041063718,2.6812365476190476
270,xlmrlarge-sentiment-codemixing-ms-adv-0.6-valid.csv,xlmrlarge,sentiment,codemixing,ms,0.6,0.9428571428571428,0.911904761904762,0.030952380952380898,0.9305411516319191,3.663170079365079
271,xlmrlarge-sentiment-codemixing-ms-adv-0.8-valid.csv,xlmrlarge,sentiment,codemixing,ms,0.8,0.9428571428571428,0.9087301587301588,0.034126984126984,0.914328871773822,4.7840895634920635
272,xlmrlarge-sentiment-codemixing-su-adv-0.2-valid.csv,xlmrlarge,sentiment,codemixing,su,0.2,0.9428571428571428,0.9051587301587303,0.0376984126984126,0.9636401252614128,1.9360090079365082
273,xlmrlarge-sentiment-codemixing-su-adv-0.4-valid.csv,xlmrlarge,sentiment,codemixing,su,0.4,0.9428571428571428,0.8912698412698412,0.05158730158730155,0.9359669091800848,3.020243611111111
274,xlmrlarge-sentiment-codemixing-su-adv-0.6-valid.csv,xlmrlarge,sentiment,codemixing,su,0.6,0.9428571428571428,0.8801587301587301,0.0626984126984126,0.9088025776639819,12.836969960317461
275,xlmrlarge-sentiment-codemixing-su-adv-0.8-valid.csv,xlmrlarge,sentiment,codemixing,su,0.8,0.9428571428571428,0.873015873015873,0.06984126984126975,0.8832657749335917,5.516160079365079
276,xlmrlarge-sentiment-sr-adv-0.2-valid.csv,xlmrlarge,sentiment,sr,id,0.2,0.9428571428571428,0.9047619047619049,0.038095238095238,0.977505816956834,0.2345347619047619
277,xlmrlarge-sentiment-sr-adv-0.4-valid.csv,xlmrlarge,sentiment,sr,id,0.4,0.9428571428571428,0.8924603174603174,0.05039682539682535,0.960917354972353,0.251775992063492
278,xlmrlarge-sentiment-sr-adv-0.6-valid.csv,xlmrlarge,sentiment,sr,id,0.6,0.9428571428571428,0.8845238095238095,0.0583333333333333,0.9441695739293382,0.21519956349206348
279,xlmrlarge-sentiment-sr-adv-0.8-valid.csv,xlmrlarge,sentiment,sr,id,0.8,0.9428571428571428,0.8623015873015873,0.08055555555555549,0.9281097625397027,0.2071237301587301
