,filename,model_target,downstream_task,perturbation_technique,codemix_lang,perturb_ratio,before_attack_acc,after_attack_acc,delta_acc,avg_semantic_sim,adv_training,acc_improvement_on_adv_train,acc_adv_training_on_orig,orig_acc_vs_adv,avg_running_time(s)
0,indobert-emotion-codemixing-en-adv-0.2.csv,indobert,emotion,codemixing,en,0.2,0.7242424242424242,0.6303030303030304,0.09393939393939389,0.9515780992580183,0.6977272727272728,0.06742424242424237,0.7189393939393939,-0.005303030303030267,0.4362490151515151
1,indobert-emotion-codemixing-en-adv-0.4.csv,indobert,emotion,codemixing,en,0.4,0.7242424242424242,0.6287878787878788,0.09545454545454542,0.9444974385427707,0.6924242424242424,0.0636363636363636,0.7007575757575758,-0.02348484848484847,0.42876431818181815
2,indobert-emotion-codemixing-en-adv-0.6.csv,indobert,emotion,codemixing,en,0.6,0.7242424242424242,0.6265151515151515,0.0977272727272727,0.9360401648463625,0.6772727272727272,0.050757575757575696,0.7015151515151515,-0.022727272727272697,0.24182340909090905
3,indobert-emotion-codemixing-en-adv-0.8.csv,indobert,emotion,codemixing,en,0.8,0.7242424242424242,0.6234848484848485,0.1007575757575757,0.9284450793808157,0.6772727272727272,0.05378787878787874,0.6909090909090909,-0.0333333333333333,0.24619196969696966
4,indobert-emotion-codemixing-fr-adv-0.2.csv,indobert,emotion,codemixing,fr,0.2,0.7242424242424242,0.6204545454545455,0.10378787878787876,0.9478345581527913,0.6946969696969697,0.07424242424242417,0.706060606060606,-0.0181818181818181,0.44779825757575753
5,indobert-emotion-codemixing-fr-adv-0.4.csv,indobert,emotion,codemixing,fr,0.4,0.7242424242424242,0.6007575757575758,0.12348484848484843,0.936038339228341,0.6931818181818182,0.09242424242424234,0.6924242424242424,-0.031818181818181766,0.4383851515151515
6,indobert-emotion-codemixing-fr-adv-0.6.csv,indobert,emotion,codemixing,fr,0.6,0.7242424242424242,0.5909090909090909,0.13333333333333328,0.9237288207944596,0.6818181818181818,0.09090909090909087,0.6787878787878788,-0.045454545454545435,0.25898143939393936
7,indobert-emotion-codemixing-fr-adv-0.8.csv,indobert,emotion,codemixing,fr,0.8,0.7242424242424242,0.5848484848484848,0.13939393939393938,0.912726580125816,0.6674242424242424,0.08257575757575751,0.6659090909090909,-0.058333333333333265,0.2609167424242424
8,indobert-emotion-codemixing-it-adv-0.2.csv,indobert,emotion,codemixing,it,0.2,0.7242424242424242,0.6121212121212122,0.11212121212121207,0.9482471105727281,0.6893939393939394,0.07727272727272717,0.7022727272727273,-0.021969696969696934,0.4410914393939393
9,indobert-emotion-codemixing-it-adv-0.4.csv,indobert,emotion,codemixing,it,0.4,0.7242424242424242,0.5954545454545456,0.12878787878787873,0.9366134074262599,0.6757575757575758,0.08030303030303027,0.6901515151515151,-0.03409090909090903,0.42784181818181816
10,indobert-emotion-codemixing-it-adv-0.6.csv,indobert,emotion,codemixing,it,0.6,0.7242424242424242,0.581060606060606,0.14318181818181816,0.9247561939173576,0.671969696969697,0.09090909090909094,0.6765151515151514,-0.047727272727272736,0.2625613636363636
11,indobert-emotion-codemixing-it-adv-0.8.csv,indobert,emotion,codemixing,it,0.8,0.7242424242424242,0.5727272727272728,0.15151515151515146,0.9134982073058685,0.6613636363636364,0.08863636363636357,0.6674242424242424,-0.05681818181818177,0.2648525
12,indobert-emotion-codemixing-jw-adv-0.2.csv,indobert,emotion,codemixing,jw,0.2,0.7242424242424242,0.6386363636363637,0.08560606060606057,0.9535546798597684,0.703030303030303,0.06439393939393938,0.7143939393939394,-0.009848484848484801,0.451442803030303
13,indobert-emotion-codemixing-jw-adv-0.4.csv,indobert,emotion,codemixing,jw,0.4,0.7242424242424242,0.6295454545454545,0.09469696969696963,0.9485266579371511,0.6969696969696969,0.06742424242424233,0.7075757575757576,-0.016666666666666604,0.4425014393939393
14,indobert-emotion-codemixing-jw-adv-0.6.csv,indobert,emotion,codemixing,jw,0.6,0.7242424242424242,0.618939393939394,0.10530303030303023,0.9427674900175947,0.6962121212121213,0.0772727272727272,0.7113636363636364,-0.0128787878787878,0.24422878787878785
15,indobert-emotion-codemixing-jw-adv-0.8.csv,indobert,emotion,codemixing,jw,0.8,0.7242424242424242,0.6166666666666667,0.10757575757575753,0.9366175539114258,0.6787878787878788,0.062121212121212105,0.7007575757575757,-0.023484848484848466,0.2543150757575757
16,indobert-emotion-codemixing-ms-adv-0.2.csv,indobert,emotion,codemixing,ms,0.2,0.7242424242424242,0.6348484848484849,0.08939393939393936,0.9561300814038877,0.703030303030303,0.06818181818181811,0.7113636363636364,-0.012878787878787832,0.449941893939394
17,indobert-emotion-codemixing-ms-adv-0.4.csv,indobert,emotion,codemixing,ms,0.4,0.7242424242424242,0.6303030303030304,0.09393939393939389,0.9535992904030013,0.6999999999999998,0.0696969696969696,0.7166666666666667,-0.007575757575757566,0.45357840909090896
18,indobert-emotion-codemixing-ms-adv-0.6.csv,indobert,emotion,codemixing,ms,0.6,0.7242424242424242,0.6265151515151516,0.09772727272727266,0.9512067821328386,0.6992424242424242,0.07272727272727264,0.7106060606060606,-0.0136363636363636,0.2752135606060606
19,indobert-emotion-codemixing-ms-adv-0.8.csv,indobert,emotion,codemixing,ms,0.8,0.7242424242424242,0.6204545454545455,0.10378787878787876,0.9493535316125913,0.6984848484848486,0.078030303030303,0.709848484848485,-0.014393939393939334,0.2697817424242424
20,indobert-emotion-codemixing-su-adv-0.2.csv,indobert,emotion,codemixing,su,0.2,0.7242424242424242,0.6212121212121212,0.10303030303030299,0.9543696790030508,0.7015151515151515,0.08030303030303028,0.7151515151515152,-0.009090909090909066,0.44860159090909085
21,indobert-emotion-codemixing-su-adv-0.4.csv,indobert,emotion,codemixing,su,0.4,0.7242424242424242,0.6143939393939394,0.10984848484848479,0.9499352954102286,0.6946969696969697,0.0803030303030303,0.6977272727272728,-0.026515151515151436,0.44648022727272724
22,indobert-emotion-codemixing-su-adv-0.6.csv,indobert,emotion,codemixing,su,0.6,0.7242424242424242,0.6106060606060606,0.1136363636363636,0.9449472409757701,0.6833333333333335,0.0727272727272727,0.693939393939394,-0.030303030303030266,0.2663382575757575
23,indobert-emotion-codemixing-su-adv-0.8.csv,indobert,emotion,codemixing,su,0.8,0.7242424242424242,0.6113636363636363,0.1128787878787878,0.9405316818392638,0.6840909090909091,0.07272727272727265,0.6871212121212121,-0.03712121212121206,0.25685212121212114
24,indobert-emotion-sr-adv-0.2.csv,indobert,emotion,sr,id,0.2,0.7242424242424242,0.5825757575757575,0.1416666666666667,0.9492313424859082,0.6696969696969696,0.08712121212121214,0.706060606060606,-0.018181818181818167,0.43528431818181806
25,indobert-emotion-sr-adv-0.4.csv,indobert,emotion,sr,id,0.4,0.7242424242424242,0.5469696969696969,0.17727272727272722,0.9401543660258703,0.646969696969697,0.09999999999999998,0.7037878787878787,-0.020454545454545434,0.4187840909090909
26,indobert-emotion-sr-adv-0.6.csv,indobert,emotion,sr,id,0.6,0.7242424242424242,0.5348484848484848,0.18939393939393934,0.9323991535739466,0.6431818181818182,0.10833333333333327,0.6893939393939394,-0.03484848484848483,0.25551939393939394
27,indobert-emotion-sr-adv-0.8.csv,indobert,emotion,sr,id,0.8,0.7242424242424242,0.5424242424242425,0.18181818181818177,0.9247759625767217,0.6477272727272727,0.10530303030303027,0.6916666666666668,-0.032575757575757536,0.24796212121212116
28,indobert-sentiment-codemixing-en-adv-0.2.csv,indobert,sentiment,codemixing,en,0.2,0.91,0.898,0.012000000000000002,0.9915910098950067,0.9420000000000001,0.043999999999999935,0.892,-0.018000000000000002,0.25092339999999996
29,indobert-sentiment-codemixing-en-adv-0.4.csv,indobert,sentiment,codemixing,en,0.4,0.91,0.8966666666666666,0.013333333333333334,0.9850240154266358,0.9366666666666666,0.03999999999999997,0.9086666666666666,-0.0013333333333333333,0.2891226666666667
30,indobert-sentiment-codemixing-en-adv-0.6.csv,indobert,sentiment,codemixing,en,0.6,0.91,0.896,0.013999999999999999,0.9785474143822986,0.9293333333333335,0.0333333333333333,0.898,-0.011999999999999999,0.2934314666666667
31,indobert-sentiment-codemixing-en-adv-0.8.csv,indobert,sentiment,codemixing,en,0.8,0.91,0.894,0.016,0.9709076769749322,0.9293333333333335,0.035333333333333335,0.9073333333333333,-0.0026666666666666666,0.27604860000000003
32,indobert-sentiment-codemixing-fr-adv-0.2.csv,indobert,sentiment,codemixing,fr,0.2,0.91,0.88,0.03,0.9836905281941095,0.928,0.04800000000000001,0.894,-0.015999999999999997,0.3435768666666667
33,indobert-sentiment-codemixing-fr-adv-0.4.csv,indobert,sentiment,codemixing,fr,0.4,0.91,0.8753333333333333,0.03466666666666667,0.9692202613751094,0.926,0.050666666666666665,0.896,-0.014,0.3280977333333333
34,indobert-sentiment-codemixing-fr-adv-0.6.csv,indobert,sentiment,codemixing,fr,0.6,0.91,0.874,0.036000000000000004,0.9522354527711867,0.9380000000000001,0.06399999999999993,0.8926666666666666,-0.017333333333333336,0.34774259999999996
35,indobert-sentiment-codemixing-fr-adv-0.8.csv,indobert,sentiment,codemixing,fr,0.8,0.91,0.866,0.044000000000000004,0.9350334640542667,0.9253333333333335,0.0593333333333333,0.9053333333333334,-0.004666666666666667,0.33931873333333334
36,indobert-sentiment-codemixing-it-adv-0.2.csv,indobert,sentiment,codemixing,it,0.2,0.91,0.8733333333333334,0.036666666666666674,0.9858738306363423,0.9319999999999999,0.05866666666666664,0.8986666666666667,-0.011333333333333334,0.3097610666666666
37,indobert-sentiment-codemixing-it-adv-0.4.csv,indobert,sentiment,codemixing,it,0.4,0.91,0.8593333333333333,0.050666666666666665,0.9734942229191462,0.93,0.07066666666666667,0.8853333333333334,-0.024666666666666667,0.27994699999999995
38,indobert-sentiment-codemixing-it-adv-0.6.csv,indobert,sentiment,codemixing,it,0.6,0.91,0.8573333333333334,0.05266666666666667,0.9598462301095326,0.9206666666666666,0.06333333333333334,0.8926666666666666,-0.017333333333333333,0.33157433333333325
39,indobert-sentiment-codemixing-it-adv-0.8.csv,indobert,sentiment,codemixing,it,0.8,0.91,0.8546666666666667,0.05533333333333334,0.9466038796106974,0.9146666666666667,0.06,0.898,-0.012000000000000002,0.32724086666666663
40,indobert-sentiment-codemixing-jw-adv-0.2.csv,indobert,sentiment,codemixing,jw,0.2,0.91,0.8806666666666666,0.029333333333333333,0.9926195756196976,0.924,0.043333333333333335,0.8946666666666667,-0.015333333333333332,0.2534516
41,indobert-sentiment-codemixing-jw-adv-0.4.csv,indobert,sentiment,codemixing,jw,0.4,0.91,0.878,0.032,0.9857874985933304,0.9313333333333333,0.05333333333333331,0.8853333333333334,-0.024666666666666667,0.28400739999999997
42,indobert-sentiment-codemixing-jw-adv-0.6.csv,indobert,sentiment,codemixing,jw,0.6,0.91,0.8706666666666667,0.03933333333333333,0.9786519676844279,0.93,0.059333333333333314,0.8953333333333333,-0.014666666666666666,0.28462233333333337
43,indobert-sentiment-codemixing-jw-adv-0.8.csv,indobert,sentiment,codemixing,jw,0.8,0.91,0.864,0.046000000000000006,0.9711589095195134,0.9326666666666666,0.0686666666666666,0.8833333333333333,-0.02666666666666667,0.27432246666666665
44,indobert-sentiment-codemixing-ms-adv-0.2.csv,indobert,sentiment,codemixing,ms,0.2,0.91,0.8893333333333334,0.020666666666666667,0.9930267378489175,0.9373333333333335,0.04799999999999993,0.9073333333333333,-0.0026666666666666666,0.2978277333333333
45,indobert-sentiment-codemixing-ms-adv-0.4.csv,indobert,sentiment,codemixing,ms,0.4,0.91,0.886,0.023999999999999997,0.9869228635231654,0.9406666666666667,0.054666666666666565,0.8946666666666667,-0.015333333333333332,0.28081833333333334
46,indobert-sentiment-codemixing-ms-adv-0.6.csv,indobert,sentiment,codemixing,ms,0.6,0.91,0.8826666666666667,0.027333333333333334,0.9814814939101537,0.934,0.05133333333333331,0.9,-0.01,0.3089805333333333
47,indobert-sentiment-codemixing-ms-adv-0.8.csv,indobert,sentiment,codemixing,ms,0.8,0.91,0.8806666666666666,0.029333333333333333,0.9768485929568609,0.9353333333333333,0.054666666666666634,0.902,-0.008000000000000035,0.3189929333333333
48,indobert-sentiment-codemixing-su-adv-0.2.csv,indobert,sentiment,codemixing,su,0.2,0.91,0.8906666666666667,0.01933333333333333,0.9920781109333038,0.9313333333333333,0.04066666666666663,0.8866666666666667,-0.02333333333333333,0.2612697333333333
49,indobert-sentiment-codemixing-su-adv-0.4.csv,indobert,sentiment,codemixing,su,0.4,0.91,0.8893333333333334,0.020666666666666667,0.982777226805687,0.9359999999999999,0.0466666666666666,0.908,-0.002,0.2888413999999999
50,indobert-sentiment-codemixing-su-adv-0.6.csv,indobert,sentiment,codemixing,su,0.6,0.91,0.886,0.024000000000000004,0.9728947453498841,0.932,0.045999999999999965,0.902,-0.008,0.2834988
51,indobert-sentiment-codemixing-su-adv-0.8.csv,indobert,sentiment,codemixing,su,0.8,0.91,0.884,0.025999999999999995,0.966280748764674,0.9413333333333332,0.05733333333333327,0.8893333333333334,-0.020666666666666667,0.30621539999999997
52,indobert-sentiment-sr-adv-0.2.csv,indobert,sentiment,sr,id,0.2,0.91,0.8766666666666666,0.03333333333333333,0.9840842736164729,0.9113333333333333,0.03466666666666667,0.91,0.0,0.330964
53,indobert-sentiment-sr-adv-0.4.csv,indobert,sentiment,sr,id,0.4,0.91,0.8573333333333334,0.05266666666666667,0.9678166185418764,0.9066666666666667,0.04933333333333333,0.9053333333333334,-0.004666666666666667,0.3117049333333333
54,indobert-sentiment-sr-adv-0.6.csv,indobert,sentiment,sr,id,0.6,0.91,0.8433333333333333,0.06666666666666667,0.952916718284289,0.888,0.04466666666666667,0.9086666666666666,-0.0013333333333333333,0.31507
55,indobert-sentiment-sr-adv-0.8.csv,indobert,sentiment,sr,id,0.8,0.91,0.8366666666666668,0.07333333333333329,0.9353381088972093,0.8853333333333334,0.048666666666666636,0.9046666666666666,-0.005333333333333333,0.3546301999999999
56,indobertlarge-emotion-codemixing-en-adv-0.2.csv,indobertlarge,emotion,codemixing,en,0.2,0.7553030303030303,0.6712121212121213,0.084090909090909,0.9514545303402525,0.7007575757575757,0.0295454545454545,0.7371212121212122,-0.018181818181818136,0.8660136363636363
57,indobertlarge-emotion-codemixing-en-adv-0.4.csv,indobertlarge,emotion,codemixing,en,0.4,0.7553030303030303,0.6628787878787878,0.09242424242424237,0.9437835441845835,0.7045454545454546,0.0416666666666666,0.7530303030303029,-0.0022727272727272336,0.8313279545454545
58,indobertlarge-emotion-codemixing-en-adv-0.6.csv,indobertlarge,emotion,codemixing,en,0.6,0.7553030303030303,0.6613636363636364,0.09393939393939386,0.9349078049713916,0.6992424242424242,0.03787878787878784,0.7189393939393939,-0.03636363636363637,0.4857205303030303
59,indobertlarge-emotion-codemixing-en-adv-0.8.csv,indobertlarge,emotion,codemixing,en,0.8,0.7553030303030303,0.6606060606060606,0.09469696969696963,0.9271976574578069,0.7007575757575758,0.0401515151515151,0.7318181818181819,-0.023484848484848397,0.46327
60,indobertlarge-emotion-codemixing-fr-adv-0.2.csv,indobertlarge,emotion,codemixing,fr,0.2,0.7553030303030303,0.6484848484848484,0.10681818181818177,0.9465816155527578,0.6924242424242424,0.04393939393939387,0.7265151515151516,-0.028787878787878734,0.8406493181818182
61,indobertlarge-emotion-codemixing-fr-adv-0.4.csv,indobertlarge,emotion,codemixing,fr,0.4,0.7553030303030303,0.6386363636363636,0.11666666666666665,0.9352786626328121,0.6916666666666668,0.05303030303030304,0.7136363636363637,-0.04166666666666657,0.8403443939393939
62,indobertlarge-emotion-codemixing-fr-adv-0.6.csv,indobertlarge,emotion,codemixing,fr,0.6,0.7553030303030303,0.640151515151515,0.11515151515151517,0.9224014961358273,0.6863636363636364,0.046212121212121204,0.7136363636363637,-0.04166666666666657,0.5089517424242423
63,indobertlarge-emotion-codemixing-fr-adv-0.8.csv,indobertlarge,emotion,codemixing,fr,0.8,0.7553030303030303,0.6416666666666666,0.1136363636363636,0.9101032292978329,0.6962121212121213,0.0545454545454545,0.7045454545454545,-0.05075757575757573,0.5105382575757575
64,indobertlarge-emotion-codemixing-it-adv-0.2.csv,indobertlarge,emotion,codemixing,it,0.2,0.7553030303030303,0.6507575757575758,0.10454545454545446,0.9465854105624286,0.6916666666666668,0.04090909090909083,0.734090909090909,-0.0212121212121211,0.8350765151515152
65,indobertlarge-emotion-codemixing-it-adv-0.4.csv,indobertlarge,emotion,codemixing,it,0.4,0.7553030303030303,0.6340909090909091,0.1212121212121212,0.9351291608178255,0.6901515151515151,0.05606060606060607,0.7295454545454545,-0.0257575757575757,0.856996590909091
66,indobertlarge-emotion-codemixing-it-adv-0.6.csv,indobertlarge,emotion,codemixing,it,0.6,0.7553030303030303,0.6295454545454545,0.12575757575757573,0.9220827190149011,0.6803030303030303,0.0507575757575757,0.7174242424242424,-0.0378787878787878,0.5137904545454545
67,indobertlarge-emotion-codemixing-it-adv-0.8.csv,indobertlarge,emotion,codemixing,it,0.8,0.7553030303030303,0.6272727272727273,0.12803030303030297,0.910667801851576,0.6787878787878788,0.051515151515151465,0.7090909090909091,-0.04621212121212113,0.5045149242424243
68,indobertlarge-emotion-codemixing-jw-adv-0.2.csv,indobertlarge,emotion,codemixing,jw,0.2,0.7553030303030303,0.6530303030303031,0.10227272727272717,0.9519174555711674,0.7037878787878787,0.05075757575757567,0.7484848484848485,-0.0068181818181818,0.8519407575757576
69,indobertlarge-emotion-codemixing-jw-adv-0.4.csv,indobertlarge,emotion,codemixing,jw,0.4,0.7553030303030303,0.653030303030303,0.1022727272727272,0.9460228237238798,0.7045454545454545,0.051515151515151465,0.7424242424242423,-0.012878787878787835,0.852827196969697
70,indobertlarge-emotion-codemixing-jw-adv-0.6.csv,indobertlarge,emotion,codemixing,jw,0.6,0.7553030303030303,0.6568181818181817,0.09848484848484847,0.9404139516931592,0.7106060606060606,0.053787878787878766,0.7272727272727272,-0.028030303030303,0.49361227272727276
71,indobertlarge-emotion-codemixing-jw-adv-0.8.csv,indobertlarge,emotion,codemixing,jw,0.8,0.7553030303030303,0.6590909090909091,0.09621212121212118,0.9351529661678907,0.7083333333333334,0.04924242424242417,0.7204545454545453,-0.03484848484848477,0.496819090909091
72,indobertlarge-emotion-codemixing-ms-adv-0.2.csv,indobertlarge,emotion,codemixing,ms,0.2,0.7553030303030303,0.6621212121212121,0.09318181818181814,0.9555203617860873,0.7045454545454546,0.042424242424242364,0.7363636363636363,-0.018939393939393867,0.8521480303030303
73,indobertlarge-emotion-codemixing-ms-adv-0.4.csv,indobertlarge,emotion,codemixing,ms,0.4,0.7553030303030303,0.6621212121212121,0.09318181818181814,0.9527321810297894,0.706060606060606,0.04393939393939387,0.7401515151515152,-0.015151515151515069,0.8546882575757576
74,indobertlarge-emotion-codemixing-ms-adv-0.6.csv,indobertlarge,emotion,codemixing,ms,0.6,0.7553030303030303,0.6636363636363637,0.09166666666666667,0.9501048316332427,0.706060606060606,0.04242424242424233,0.7378787878787879,-0.017424242424242366,0.5430930303030304
75,indobertlarge-emotion-codemixing-ms-adv-0.8.csv,indobertlarge,emotion,codemixing,ms,0.8,0.7553030303030303,0.6606060606060606,0.09469696969696963,0.9483305565448421,0.7083333333333334,0.0477272727272727,0.7446969696969697,-0.010606060606060565,0.55045
76,indobertlarge-emotion-codemixing-su-adv-0.2.csv,indobertlarge,emotion,codemixing,su,0.2,0.7553030303030303,0.6606060606060606,0.09469696969696963,0.9536897021712679,0.7030303030303031,0.042424242424242364,0.7371212121212122,-0.018181818181818066,0.844348787878788
77,indobertlarge-emotion-codemixing-su-adv-0.4.csv,indobertlarge,emotion,codemixing,su,0.4,0.7553030303030303,0.6545454545454544,0.1007575757575757,0.9485067256923877,0.7015151515151515,0.04696969696969694,0.7303030303030303,-0.02499999999999993,0.8552250757575757
78,indobertlarge-emotion-codemixing-su-adv-0.6.csv,indobertlarge,emotion,codemixing,su,0.6,0.7553030303030303,0.6590909090909091,0.09621212121212118,0.9433754726792826,0.7075757575757576,0.048484848484848436,0.7272727272727272,-0.028030303030302933,0.538647803030303
79,indobertlarge-emotion-codemixing-su-adv-0.8.csv,indobertlarge,emotion,codemixing,su,0.8,0.7553030303030303,0.653030303030303,0.1022727272727272,0.9398412238467823,0.703030303030303,0.04999999999999993,0.7189393939393939,-0.0363636363636363,0.5491184848484849
80,indobertlarge-emotion-sr-adv-0.2.csv,indobertlarge,emotion,sr,id,0.2,0.7553030303030303,0.6363636363636364,0.1189393939393939,0.9482164147563955,0.6765151515151514,0.04015151515151513,0.743939393939394,-0.011363636363636333,0.8243458333333332
81,indobertlarge-emotion-sr-adv-0.4.csv,indobertlarge,emotion,sr,id,0.4,0.7553030303030303,0.6181818181818182,0.13712121212121206,0.9391671116943612,0.668939393939394,0.05075757575757573,0.7522727272727273,-0.003030303030303001,0.7966373484848485
82,indobertlarge-emotion-sr-adv-0.6.csv,indobertlarge,emotion,sr,id,0.6,0.7553030303030303,0.5939393939393939,0.16136363636363635,0.9295229950750415,0.662878787878788,0.06893939393939393,0.7393939393939394,-0.015909090909090835,0.4385843181818181
83,indobertlarge-emotion-sr-adv-0.8.csv,indobertlarge,emotion,sr,id,0.8,0.7553030303030303,0.5909090909090909,0.16439393939393934,0.9214751099095201,0.6590909090909092,0.06818181818181819,0.7196969696969697,-0.035606060606060565,0.4380707575757576
84,indobertlarge-sentiment-codemixing-en-adv-0.2.csv,indobertlarge,sentiment,codemixing,en,0.2,0.9420000000000001,0.9206666666666666,0.02133333333333327,0.9912342214186985,0.9499999999999998,0.029333333333333236,0.926,-0.0159999999999999,0.5525323999999999
85,indobertlarge-sentiment-codemixing-en-adv-0.4.csv,indobertlarge,sentiment,codemixing,en,0.4,0.9420000000000001,0.9173333333333334,0.0246666666666666,0.9852676753203072,0.9533333333333333,0.0359999999999999,0.9286666666666666,-0.0133333333333333,0.6189256666666667
86,indobertlarge-sentiment-codemixing-en-adv-0.6.csv,indobertlarge,sentiment,codemixing,en,0.6,0.9420000000000001,0.9153333333333333,0.0266666666666666,0.9783999370336532,0.956,0.040666666666666566,0.916,-0.026,0.6654077333333334
87,indobertlarge-sentiment-codemixing-en-adv-0.8.csv,indobertlarge,sentiment,codemixing,en,0.8,0.9420000000000001,0.9166666666666666,0.025333333333333267,0.9709412433306376,0.9540000000000001,0.03733333333333323,0.894,-0.04799999999999994,0.5954304
88,indobertlarge-sentiment-codemixing-fr-adv-0.2.csv,indobertlarge,sentiment,codemixing,fr,0.2,0.9420000000000001,0.906,0.035999999999999935,0.9833099217414856,0.9406666666666667,0.03466666666666664,0.8986666666666667,-0.04333333333333327,0.6462703333333333
89,indobertlarge-sentiment-codemixing-fr-adv-0.4.csv,indobertlarge,sentiment,codemixing,fr,0.4,0.9420000000000001,0.902,0.03999999999999993,0.9691798025767008,0.9333333333333335,0.0313333333333333,0.928,-0.0139999999999999,0.6512136666666667
90,indobertlarge-sentiment-codemixing-fr-adv-0.6.csv,indobertlarge,sentiment,codemixing,fr,0.6,0.9420000000000001,0.9006666666666666,0.04133333333333327,0.9525608272949855,0.934,0.033333333333333305,0.9039999999999999,-0.03799999999999997,0.6453220666666667
91,indobertlarge-sentiment-codemixing-fr-adv-0.8.csv,indobertlarge,sentiment,codemixing,fr,0.8,0.9420000000000001,0.8986666666666667,0.04333333333333327,0.9352354667584102,0.926,0.027333333333333334,0.9093333333333332,-0.03266666666666663,0.6458968
92,indobertlarge-sentiment-codemixing-it-adv-0.2.csv,indobertlarge,sentiment,codemixing,it,0.2,0.9420000000000001,0.9093333333333334,0.0326666666666666,0.9844453231096267,0.9373333333333332,0.027999999999999938,0.9286666666666666,-0.0133333333333333,0.6043655333333334
93,indobertlarge-sentiment-codemixing-it-adv-0.4.csv,indobertlarge,sentiment,codemixing,it,0.4,0.9420000000000001,0.9006666666666666,0.04133333333333327,0.9722701208194096,0.93,0.029333333333333305,0.9213333333333332,-0.020666666666666635,0.6456676
94,indobertlarge-sentiment-codemixing-it-adv-0.6.csv,indobertlarge,sentiment,codemixing,it,0.6,0.9420000000000001,0.8953333333333333,0.0466666666666666,0.9590299746195474,0.93,0.03466666666666663,0.896,-0.04599999999999993,0.6343686666666667
95,indobertlarge-sentiment-codemixing-it-adv-0.8.csv,indobertlarge,sentiment,codemixing,it,0.8,0.9420000000000001,0.896,0.04599999999999993,0.9441590294440587,0.9353333333333333,0.0393333333333333,0.9026666666666667,-0.03933333333333326,0.6367364666666667
96,indobertlarge-sentiment-codemixing-jw-adv-0.2.csv,indobertlarge,sentiment,codemixing,jw,0.2,0.9420000000000001,0.9053333333333334,0.0366666666666666,0.991025158206622,0.9540000000000001,0.04866666666666656,0.8986666666666667,-0.04333333333333327,0.6190919333333333
97,indobertlarge-sentiment-codemixing-jw-adv-0.4.csv,indobertlarge,sentiment,codemixing,jw,0.4,0.9420000000000001,0.902,0.03999999999999993,0.9845319355328878,0.9506666666666667,0.04866666666666656,0.9026666666666667,-0.03933333333333327,0.6465578666666667
98,indobertlarge-sentiment-codemixing-jw-adv-0.6.csv,indobertlarge,sentiment,codemixing,jw,0.6,0.9420000000000001,0.894,0.04799999999999993,0.9777314870754878,0.952,0.05799999999999989,0.9126666666666666,-0.029333333333333267,0.7002004000000001
99,indobertlarge-sentiment-codemixing-jw-adv-0.8.csv,indobertlarge,sentiment,codemixing,jw,0.8,0.9420000000000001,0.892,0.04999999999999993,0.9706849614381791,0.9493333333333333,0.057333333333333236,0.8673333333333334,-0.0746666666666666,0.6489525333333334
100,indobertlarge-sentiment-codemixing-ms-adv-0.2.csv,indobertlarge,sentiment,codemixing,ms,0.2,0.9420000000000001,0.9206666666666666,0.02133333333333327,0.9927539637486139,0.9526666666666666,0.0319999999999999,0.9213333333333334,-0.020666666666666632,0.6517382666666666
101,indobertlarge-sentiment-codemixing-ms-adv-0.4.csv,indobertlarge,sentiment,codemixing,ms,0.4,0.9420000000000001,0.92,0.021999999999999933,0.987801423072815,0.9499999999999998,0.0299999999999999,0.894,-0.04799999999999993,0.6538408000000001
102,indobertlarge-sentiment-codemixing-ms-adv-0.6.csv,indobertlarge,sentiment,codemixing,ms,0.6,0.9420000000000001,0.9193333333333333,0.022666666666666602,0.9820163706938425,0.9506666666666667,0.031333333333333234,0.876,-0.06599999999999996,0.6694821333333333
103,indobertlarge-sentiment-codemixing-ms-adv-0.8.csv,indobertlarge,sentiment,codemixing,ms,0.8,0.9420000000000001,0.918,0.023999999999999935,0.9763195491631826,0.9460000000000001,0.02799999999999993,0.88,-0.06199999999999994,0.6545112000000001
104,indobertlarge-sentiment-codemixing-su-adv-0.2.csv,indobertlarge,sentiment,codemixing,su,0.2,0.9420000000000001,0.9166666666666666,0.025333333333333267,0.9901031909386316,0.9486666666666667,0.0319999999999999,0.9206666666666666,-0.021333333333333298,0.6478432000000001
105,indobertlarge-sentiment-codemixing-su-adv-0.4.csv,indobertlarge,sentiment,codemixing,su,0.4,0.9420000000000001,0.916,0.02599999999999993,0.9824769891500473,0.9460000000000001,0.029999999999999933,0.8846666666666666,-0.057333333333333264,0.6499651333333333
106,indobertlarge-sentiment-codemixing-su-adv-0.6.csv,indobertlarge,sentiment,codemixing,su,0.6,0.9420000000000001,0.9153333333333333,0.0266666666666666,0.973499553044637,0.948,0.032666666666666566,0.9159999999999999,-0.025999999999999968,0.6890457333333333
107,indobertlarge-sentiment-codemixing-su-adv-0.8.csv,indobertlarge,sentiment,codemixing,su,0.8,0.9420000000000001,0.9153333333333333,0.0266666666666666,0.9656137529214224,0.9446666666666665,0.029333333333333236,0.9246666666666666,-0.017333333333333267,0.6520571333333334
108,indobertlarge-sentiment-sr-adv-0.2.csv,indobertlarge,sentiment,sr,id,0.2,0.9420000000000001,0.904,0.03799999999999993,0.9818143372138342,0.9326666666666666,0.028666666666666632,0.9166666666666666,-0.025333333333333267,0.6220112666666666
109,indobertlarge-sentiment-sr-adv-0.4.csv,indobertlarge,sentiment,sr,id,0.4,0.9420000000000001,0.896,0.04599999999999993,0.9662852332989376,0.928,0.032,0.914,-0.02799999999999997,0.6305077999999998
110,indobertlarge-sentiment-sr-adv-0.6.csv,indobertlarge,sentiment,sr,id,0.6,0.9420000000000001,0.8853333333333334,0.05666666666666661,0.9512365084489186,0.9126666666666666,0.027333333333333334,0.9066666666666667,-0.035333333333333265,0.5763471333333334
111,indobertlarge-sentiment-sr-adv-0.8.csv,indobertlarge,sentiment,sr,id,0.8,0.9420000000000001,0.87,0.07199999999999994,0.9344204427997272,0.9066666666666667,0.03666666666666667,0.8793333333333333,-0.06266666666666663,0.6248729333333333
112,mbert-emotion-codemixing-en-adv-0.2.csv,mbert,emotion,codemixing,en,0.2,0.6113636363636364,0.49621212121212127,0.11515151515151513,0.9569767482352979,0.6083333333333334,0.11212121212121211,0.5401515151515152,-0.0712121212121212,0.39830000000000004
113,mbert-emotion-codemixing-en-adv-0.4.csv,mbert,emotion,codemixing,en,0.4,0.6113636363636364,0.5015151515151515,0.1098484848484848,0.9501070667848442,0.6106060606060606,0.10909090909090903,0.5515151515151516,-0.0598484848484848,0.2549777272727273
114,mbert-emotion-codemixing-en-adv-0.6.csv,mbert,emotion,codemixing,en,0.6,0.6113636363636364,0.5022727272727273,0.10909090909090907,0.9437377868728204,0.6113636363636363,0.10909090909090903,0.5568181818181818,-0.0545454545454545,0.27100234848484844
115,mbert-emotion-codemixing-en-adv-0.8.csv,mbert,emotion,codemixing,en,0.8,0.6113636363636364,0.5,0.11136363636363633,0.9370746777364701,0.6181818181818182,0.11818181818181821,0.5598484848484849,-0.051515151515151465,0.2748960606060606
116,mbert-emotion-codemixing-fr-adv-0.2.csv,mbert,emotion,codemixing,fr,0.2,0.6113636363636364,0.48787878787878786,0.12348484848484842,0.9536650788377633,0.6068181818181818,0.1189393939393939,0.546969696969697,-0.06439393939393936,0.3791731818181818
117,mbert-emotion-codemixing-fr-adv-0.4.csv,mbert,emotion,codemixing,fr,0.4,0.6113636363636364,0.47954545454545455,0.13181818181818178,0.9430659633694273,0.596969696969697,0.11742424242424238,0.5537878787878787,-0.05757575757575753,0.196947803030303
118,mbert-emotion-codemixing-fr-adv-0.6.csv,mbert,emotion,codemixing,fr,0.6,0.6113636363636364,0.4803030303030303,0.13106060606060602,0.9334607985435109,0.5901515151515152,0.10984848484848476,0.5545454545454546,-0.05681818181818177,0.1951850757575757
119,mbert-emotion-codemixing-fr-adv-0.8.csv,mbert,emotion,codemixing,fr,0.8,0.6113636363636364,0.47348484848484845,0.13787878787878782,0.9241291756882813,0.6068181818181818,0.1333333333333333,0.5545454545454546,-0.05681818181818177,0.24005030303030303
120,mbert-emotion-codemixing-it-adv-0.2.csv,mbert,emotion,codemixing,it,0.2,0.6113636363636364,0.47878787878787876,0.1325757575757576,0.9529631986988313,0.5984848484848485,0.11969696969696968,0.5515151515151515,-0.0598484848484848,0.38560143939393937
121,mbert-emotion-codemixing-it-adv-0.4.csv,mbert,emotion,codemixing,it,0.4,0.6113636363636364,0.47196969696969693,0.13939393939393943,0.9429732524761648,0.5946969696969697,0.12272727272727273,0.5598484848484849,-0.05151515151515146,0.20669484848484843
122,mbert-emotion-codemixing-it-adv-0.6.csv,mbert,emotion,codemixing,it,0.6,0.6113636363636364,0.4681818181818181,0.1431818181818182,0.9337274878314048,0.5954545454545455,0.1272727272727273,0.5568181818181819,-0.05454545454545446,0.2174491666666666
123,mbert-emotion-codemixing-it-adv-0.8.csv,mbert,emotion,codemixing,it,0.8,0.6113636363636364,0.4628787878787879,0.14848484848484847,0.9254967526278713,0.5780303030303031,0.11515151515151512,0.543939393939394,-0.06742424242424236,0.2391107575757576
124,mbert-emotion-codemixing-jw-adv-0.2.csv,mbert,emotion,codemixing,jw,0.2,0.6113636363636364,0.4848484848484848,0.1265151515151515,0.9593820022362652,0.6136363636363636,0.12878787878787876,0.5325757575757576,-0.07878787878787877,0.3925969696969697
125,mbert-emotion-codemixing-jw-adv-0.4.csv,mbert,emotion,codemixing,jw,0.4,0.6113636363636364,0.4795454545454545,0.1318181818181818,0.9541756762586759,0.609090909090909,0.1295454545454545,0.5401515151515152,-0.07121212121212116,0.2242554545454545
126,mbert-emotion-codemixing-jw-adv-0.6.csv,mbert,emotion,codemixing,jw,0.6,0.6113636363636364,0.48181818181818176,0.12954545454545457,0.9496118776500225,0.6053030303030303,0.12348484848484849,0.5340909090909092,-0.0772727272727272,0.24195409090909092
127,mbert-emotion-codemixing-jw-adv-0.8.csv,mbert,emotion,codemixing,jw,0.8,0.6113636363636364,0.47954545454545455,0.1318181818181818,0.9451139848114867,0.6037878787878789,0.12424242424242422,0.5431818181818181,-0.06818181818181816,0.2535135606060606
128,mbert-emotion-codemixing-ms-adv-0.2.csv,mbert,emotion,codemixing,ms,0.2,0.6113636363636364,0.48939393939393944,0.12196969696969695,0.9612851867170044,0.6022727272727272,0.11287878787878784,0.5492424242424243,-0.062121212121212105,0.38172492424242427
129,mbert-emotion-codemixing-ms-adv-0.4.csv,mbert,emotion,codemixing,ms,0.4,0.6113636363636364,0.48636363636363633,0.12499999999999996,0.9594324046915229,0.5984848484848485,0.11212121212121211,0.543939393939394,-0.06742424242424233,0.21844560606060603
130,mbert-emotion-codemixing-ms-adv-0.6.csv,mbert,emotion,codemixing,ms,0.6,0.6113636363636364,0.4856060606060606,0.1257575757575757,0.9577301074948276,0.6000000000000001,0.11439393939393937,0.5446969696969697,-0.06666666666666667,0.2386765151515151
131,mbert-emotion-codemixing-ms-adv-0.8.csv,mbert,emotion,codemixing,ms,0.8,0.6113636363636364,0.48409090909090907,0.12727272727272723,0.9561121026562018,0.5977272727272727,0.11363636363636358,0.5598484848484849,-0.051515151515151465,0.2620712121212121
132,mbert-emotion-codemixing-su-adv-0.2.csv,mbert,emotion,codemixing,su,0.2,0.6113636363636364,0.48939393939393944,0.12196969696969695,0.959783462909135,0.6113636363636364,0.12196969696969695,0.5477272727272727,-0.06363636363636364,0.38780416666666667
133,mbert-emotion-codemixing-su-adv-0.4.csv,mbert,emotion,codemixing,su,0.4,0.6113636363636364,0.48409090909090907,0.1272727272727273,0.955312976602352,0.6075757575757575,0.12348484848484848,0.5409090909090909,-0.0704545454545454,0.26567636363636354
134,mbert-emotion-codemixing-su-adv-0.6.csv,mbert,emotion,codemixing,su,0.6,0.6113636363636364,0.48636363636363633,0.125,0.9519579283893108,0.5977272727272727,0.1113636363636364,0.5446969696969698,-0.06666666666666667,0.2633196969696969
135,mbert-emotion-codemixing-su-adv-0.8.csv,mbert,emotion,codemixing,su,0.8,0.6113636363636364,0.48409090909090907,0.1272727272727273,0.9487143170427191,0.5931818181818183,0.10909090909090909,0.5318181818181819,-0.07954545454545449,0.25280053030303024
136,mbert-emotion-sr-adv-0.2.csv,mbert,emotion,sr,id,0.2,0.6113636363636364,0.4598484848484848,0.1515151515151515,0.9552984930349119,0.5893939393939394,0.12954545454545452,0.5409090909090909,-0.0704545454545454,0.3634371212121212
137,mbert-emotion-sr-adv-0.4.csv,mbert,emotion,sr,id,0.4,0.6113636363636364,0.4431818181818181,0.16818181818181818,0.9478126152446776,0.5628787878787879,0.11969696969696975,0.537878787878788,-0.07348484848484842,0.19093734848484845
138,mbert-emotion-sr-adv-0.6.csv,mbert,emotion,sr,id,0.6,0.6113636363636364,0.4212121212121212,0.19015151515151518,0.9400057908260461,0.556060606060606,0.13484848484848486,0.5507575757575757,-0.06060606060606057,0.17477689393939388
139,mbert-emotion-sr-adv-0.8.csv,mbert,emotion,sr,id,0.8,0.6113636363636364,0.4121212121212121,0.19924242424242422,0.9331390810848186,0.546969696969697,0.1348484848484848,0.5477272727272727,-0.0636363636363636,0.2071634848484848
140,mbert-sentiment-codemixing-en-adv-0.2.csv,mbert,sentiment,codemixing,en,0.2,0.83,0.794,0.0359999999999999,0.9929466185967127,0.856,0.06199999999999991,0.7986666666666666,-0.03133333333333327,0.2923573333333333
141,mbert-sentiment-codemixing-en-adv-0.4.csv,mbert,sentiment,codemixing,en,0.4,0.83,0.7959999999999999,0.0339999999999999,0.9883194929758709,0.8566666666666666,0.06066666666666657,0.8079999999999999,-0.021999999999999936,0.2615332666666666
142,mbert-sentiment-codemixing-en-adv-0.6.csv,mbert,sentiment,codemixing,en,0.6,0.83,0.798,0.0319999999999999,0.9822614761590959,0.858,0.05999999999999991,0.8046666666666665,-0.025333333333333263,0.3180404
143,mbert-sentiment-codemixing-en-adv-0.8.csv,mbert,sentiment,codemixing,en,0.8,0.83,0.7973333333333334,0.032666666666666566,0.9759548867543537,0.864,0.06666666666666655,0.77,-0.059999999999999935,0.3331224
144,mbert-sentiment-codemixing-fr-adv-0.2.csv,mbert,sentiment,codemixing,fr,0.2,0.83,0.786,0.0439999999999999,0.9850017656882605,0.8526666666666666,0.06666666666666655,0.7946666666666667,-0.03533333333333323,0.28390579999999993
145,mbert-sentiment-codemixing-fr-adv-0.4.csv,mbert,sentiment,codemixing,fr,0.4,0.83,0.7753333333333333,0.054666666666666565,0.9731584173043569,0.852,0.07666666666666656,0.8053333333333333,-0.024666666666666597,0.29504246666666667
146,mbert-sentiment-codemixing-fr-adv-0.6.csv,mbert,sentiment,codemixing,fr,0.6,0.83,0.7719999999999999,0.057999999999999906,0.9594346273740132,0.8646666666666666,0.09266666666666656,0.7753333333333333,-0.054666666666666565,0.2614985333333333
147,mbert-sentiment-codemixing-fr-adv-0.8.csv,mbert,sentiment,codemixing,fr,0.8,0.83,0.7806666666666667,0.049333333333333236,0.9454067062934239,0.8586666666666667,0.0779999999999999,0.7859999999999999,-0.04399999999999993,0.24445406666666666
148,mbert-sentiment-codemixing-it-adv-0.2.csv,mbert,sentiment,codemixing,it,0.2,0.83,0.7946666666666667,0.03533333333333324,0.9870617045760155,0.852,0.057333333333333236,0.8126666666666665,-0.017333333333333267,0.3007528
149,mbert-sentiment-codemixing-it-adv-0.4.csv,mbert,sentiment,codemixing,it,0.4,0.83,0.7920000000000001,0.037999999999999895,0.9768539531429609,0.8526666666666666,0.06066666666666656,0.746,-0.08399999999999991,0.2750432666666667
150,mbert-sentiment-codemixing-it-adv-0.6.csv,mbert,sentiment,codemixing,it,0.6,0.83,0.7926666666666667,0.03733333333333324,0.9647711474299431,0.854,0.06133333333333324,0.7799999999999999,-0.04999999999999993,0.2702744666666667
151,mbert-sentiment-codemixing-it-adv-0.8.csv,mbert,sentiment,codemixing,it,0.8,0.83,0.7913333333333333,0.038666666666666565,0.9525306989749273,0.86,0.06866666666666656,0.7806666666666667,-0.04933333333333323,0.23414460000000004
152,mbert-sentiment-codemixing-jw-adv-0.2.csv,mbert,sentiment,codemixing,jw,0.2,0.83,0.7879999999999999,0.0419999999999999,0.9922187470992405,0.8626666666666667,0.07466666666666656,0.7893333333333334,-0.040666666666666566,0.2856751333333333
153,mbert-sentiment-codemixing-jw-adv-0.4.csv,mbert,sentiment,codemixing,jw,0.4,0.83,0.7873333333333333,0.04266666666666657,0.9855236243406931,0.8653333333333334,0.0779999999999999,0.766,-0.06399999999999996,0.2940274
154,mbert-sentiment-codemixing-jw-adv-0.6.csv,mbert,sentiment,codemixing,jw,0.6,0.83,0.7886666666666667,0.04133333333333323,0.979783628622691,0.858,0.06933333333333323,0.7786666666666666,-0.051333333333333266,0.27916773333333333
155,mbert-sentiment-codemixing-jw-adv-0.8.csv,mbert,sentiment,codemixing,jw,0.8,0.83,0.7853333333333333,0.04466666666666657,0.9741473983526231,0.8526666666666666,0.06733333333333323,0.794,-0.0359999999999999,0.3325566666666666
156,mbert-sentiment-codemixing-ms-adv-0.2.csv,mbert,sentiment,codemixing,ms,0.2,0.83,0.7920000000000001,0.037999999999999895,0.9942631824413936,0.8606666666666666,0.06866666666666657,0.7806666666666667,-0.04933333333333323,0.29834466666666665
157,mbert-sentiment-codemixing-ms-adv-0.4.csv,mbert,sentiment,codemixing,ms,0.4,0.83,0.7873333333333333,0.04266666666666657,0.98933396144708,0.8533333333333334,0.0659999999999999,0.8226666666666667,-0.007333333333333299,0.26504619999999995
158,mbert-sentiment-codemixing-ms-adv-0.6.csv,mbert,sentiment,codemixing,ms,0.6,0.83,0.786,0.0439999999999999,0.9843498862981797,0.8566666666666666,0.07066666666666657,0.7886666666666665,-0.04133333333333327,0.283143
159,mbert-sentiment-codemixing-ms-adv-0.8.csv,mbert,sentiment,codemixing,ms,0.8,0.83,0.7840000000000001,0.0459999999999999,0.9799996137619017,0.8566666666666666,0.07266666666666656,0.7806666666666667,-0.04933333333333323,0.317043
160,mbert-sentiment-codemixing-su-adv-0.2.csv,mbert,sentiment,codemixing,su,0.2,0.83,0.7866666666666667,0.04333333333333323,0.9929793545802434,0.8433333333333333,0.05666666666666657,0.8153333333333334,-0.014666666666666633,0.284627
161,mbert-sentiment-codemixing-su-adv-0.4.csv,mbert,sentiment,codemixing,su,0.4,0.83,0.7846666666666667,0.04533333333333323,0.985368733684222,0.8466666666666667,0.06199999999999991,0.8019999999999999,-0.02799999999999993,0.2702454
162,mbert-sentiment-codemixing-su-adv-0.6.csv,mbert,sentiment,codemixing,su,0.6,0.83,0.7826666666666666,0.047333333333333234,0.9770310314496359,0.848,0.06533333333333323,0.8073333333333333,-0.02266666666666663,0.30826246666666657
163,mbert-sentiment-codemixing-su-adv-0.8.csv,mbert,sentiment,codemixing,su,0.8,0.83,0.782,0.047999999999999904,0.9709531364043554,0.852,0.06999999999999991,0.8146666666666667,-0.015333333333333301,0.3247288666666666
164,mbert-sentiment-sr-adv-0.2.csv,mbert,sentiment,sr,id,0.2,0.83,0.7653333333333334,0.06466666666666655,0.9847191583315532,0.8453333333333334,0.0799999999999999,0.7706666666666666,-0.05933333333333327,0.2831209333333333
165,mbert-sentiment-sr-adv-0.4.csv,mbert,sentiment,sr,id,0.4,0.83,0.7613333333333333,0.06866666666666656,0.9724800744851431,0.826,0.06466666666666658,0.8013333333333333,-0.028666666666666635,0.30040833333333333
166,mbert-sentiment-sr-adv-0.6.csv,mbert,sentiment,sr,id,0.6,0.83,0.7433333333333333,0.08666666666666657,0.9592036474545796,0.82,0.07666666666666656,0.7733333333333334,-0.05666666666666657,0.27661913333333327
167,mbert-sentiment-sr-adv-0.8.csv,mbert,sentiment,sr,id,0.8,0.83,0.7360000000000001,0.0939999999999999,0.9437735825578372,0.8173333333333334,0.08133333333333324,0.758,-0.07199999999999994,0.24624166666666666
168,xlmr-emotion-codemixing-en-adv-0.2.csv,xlmr,emotion,codemixing,en,0.2,0.7287878787878789,0.6136363636363636,0.11515151515151513,0.9512202311194304,0.7000000000000001,0.08636363636363632,0.7234848484848485,-0.005303030303030334,0.4319803787878788
169,xlmr-emotion-codemixing-en-adv-0.4.csv,xlmr,emotion,codemixing,en,0.4,0.7287878787878789,0.6060606060606061,0.1227272727272727,0.9444109359925443,0.7037878787878787,0.09772727272727266,0.7303030303030305,0.001515151515151533,0.338475606060606
170,xlmr-emotion-codemixing-en-adv-0.6.csv,xlmr,emotion,codemixing,en,0.6,0.7287878787878789,0.6015151515151516,0.12727272727272723,0.9358053109411039,0.6946969696969697,0.09318181818181813,0.7159090909090908,-0.012878787878787901,0.3125293181818182
171,xlmr-emotion-codemixing-en-adv-0.8.csv,xlmr,emotion,codemixing,en,0.8,0.7287878787878789,0.6,0.12878787878787878,0.9286095527085392,0.6787878787878787,0.07878787878787875,0.7242424242424242,-0.004545454545454533,0.3063730303030303
172,xlmr-emotion-codemixing-fr-adv-0.2.csv,xlmr,emotion,codemixing,fr,0.2,0.7287878787878789,0.5946969696969697,0.13409090909090907,0.9466255935304093,0.6939393939393939,0.0992424242424242,0.7143939393939395,-0.014393939393939369,0.43826515151515144
173,xlmr-emotion-codemixing-fr-adv-0.4.csv,xlmr,emotion,codemixing,fr,0.4,0.7287878787878789,0.5909090909090909,0.1378787878787879,0.9355686638617154,0.6780303030303031,0.08712121212121206,0.7181818181818181,-0.010606060606060633,0.2716315909090909
174,xlmr-emotion-codemixing-fr-adv-0.6.csv,xlmr,emotion,codemixing,fr,0.6,0.7287878787878789,0.5962121212121213,0.13257575757575749,0.9241243187902551,0.6818181818181818,0.08560606060606057,0.7015151515151515,-0.0272727272727273,0.2603155303030303
175,xlmr-emotion-codemixing-fr-adv-0.8.csv,xlmr,emotion,codemixing,fr,0.8,0.7287878787878789,0.5886363636363636,0.14015151515151514,0.9134368167907904,0.6757575757575758,0.08712121212121204,0.7083333333333334,-0.02045454545454543,0.27894954545454537
176,xlmr-emotion-codemixing-it-adv-0.2.csv,xlmr,emotion,codemixing,it,0.2,0.7287878787878789,0.6068181818181818,0.12196969696969696,0.9461947461646615,0.6954545454545454,0.08863636363636358,0.7371212121212122,0.008333333333333299,0.4130044696969697
177,xlmr-emotion-codemixing-it-adv-0.4.csv,xlmr,emotion,codemixing,it,0.4,0.7287878787878789,0.5984848484848485,0.13030303030303028,0.9358282160804127,0.6939393939393939,0.0954545454545454,0.7196969696969697,-0.0090909090909091,0.25433075757575757
178,xlmr-emotion-codemixing-it-adv-0.6.csv,xlmr,emotion,codemixing,it,0.6,0.7287878787878789,0.5939393939393939,0.1348484848484848,0.9240711720829661,0.6818181818181818,0.08787878787878779,0.7181818181818181,-0.010606060606060569,0.2786083333333333
179,xlmr-emotion-codemixing-it-adv-0.8.csv,xlmr,emotion,codemixing,it,0.8,0.7287878787878789,0.587121212121212,0.1416666666666667,0.9136441266672177,0.6749999999999999,0.08787878787878788,0.7159090909090908,-0.012878787878787832,0.26055386363636357
180,xlmr-emotion-codemixing-jw-adv-0.2.csv,xlmr,emotion,codemixing,jw,0.2,0.7287878787878789,0.6083333333333333,0.12045454545454544,0.9528350793276773,0.7106060606060606,0.10227272727272724,0.7325757575757575,0.003787878787878766,0.43566825757575756
181,xlmr-emotion-codemixing-jw-adv-0.4.csv,xlmr,emotion,codemixing,jw,0.4,0.7287878787878789,0.6045454545454545,0.12424242424242427,0.9473273662229378,0.709848484848485,0.1053030303030303,0.7409090909090909,0.012121212121212102,0.37460189393939386
182,xlmr-emotion-codemixing-jw-adv-0.6.csv,xlmr,emotion,codemixing,jw,0.6,0.7287878787878789,0.6098484848484849,0.1189393939393939,0.9417258373264109,0.7075757575757576,0.09772727272727266,0.7227272727272727,-0.0060606060606061005,0.2728924242424242
183,xlmr-emotion-codemixing-jw-adv-0.8.csv,xlmr,emotion,codemixing,jw,0.8,0.7287878787878789,0.6053030303030303,0.1234848484848484,0.936714173221227,0.7015151515151515,0.0962121212121211,0.7181818181818181,-0.010606060606060565,0.26135689393939393
184,xlmr-emotion-codemixing-ms-adv-0.2.csv,xlmr,emotion,codemixing,ms,0.2,0.7287878787878789,0.6121212121212122,0.11666666666666659,0.9556760908302033,0.709090909090909,0.09696969696969689,0.7257575757575757,-0.0030303030303030338,0.4222727272727273
185,xlmr-emotion-codemixing-ms-adv-0.4.csv,xlmr,emotion,codemixing,ms,0.4,0.7287878787878789,0.6113636363636364,0.11742424242424239,0.9533936887302182,0.7053030303030304,0.09393939393939388,0.721969696969697,-0.006818181818181834,0.24527249999999998
186,xlmr-emotion-codemixing-ms-adv-0.6.csv,xlmr,emotion,codemixing,ms,0.6,0.7287878787878789,0.6053030303030303,0.12348484848484848,0.9513044600459662,0.7106060606060606,0.10530303030303027,0.731060606060606,0.002272727272727233,0.32215083333333333
187,xlmr-emotion-codemixing-ms-adv-0.8.csv,xlmr,emotion,codemixing,ms,0.8,0.7287878787878789,0.6022727272727273,0.12651515151515155,0.949179613657973,0.6992424242424242,0.09696969696969697,0.7234848484848486,-0.0053030303030303,0.28812265151515154
188,xlmr-emotion-codemixing-su-adv-0.2.csv,xlmr,emotion,codemixing,su,0.2,0.7287878787878789,0.6060606060606061,0.1227272727272727,0.9541042507146343,0.7015151515151515,0.0954545454545454,0.7227272727272727,-0.006060606060606034,0.44867234848484844
189,xlmr-emotion-codemixing-su-adv-0.4.csv,xlmr,emotion,codemixing,su,0.4,0.7287878787878789,0.596969696969697,0.13181818181818175,0.9495120217402776,0.7000000000000001,0.10303030303030297,0.7287878787878789,0.0,0.3072678787878788
190,xlmr-emotion-codemixing-su-adv-0.6.csv,xlmr,emotion,codemixing,su,0.6,0.7287878787878789,0.5924242424242424,0.13636363636363633,0.9450158876000029,0.6848484848484849,0.09242424242424237,0.7174242424242424,-0.011363636363636333,0.2925543181818182
191,xlmr-emotion-codemixing-su-adv-0.8.csv,xlmr,emotion,codemixing,su,0.8,0.7287878787878789,0.5863636363636364,0.1424242424242424,0.9413512759136431,0.6825757575757576,0.09621212121212115,0.7106060606060606,-0.018181818181818167,0.2682263636363636
192,xlmr-emotion-sr-adv-0.2.csv,xlmr,emotion,sr,id,0.2,0.7287878787878789,0.5840909090909091,0.14469696969696969,0.9489682640315907,0.6787878787878787,0.09469696969696971,0.7189393939393939,-0.009848484848484867,0.42499818181818183
193,xlmr-emotion-sr-adv-0.4.csv,xlmr,emotion,sr,id,0.4,0.7287878787878789,0.5651515151515151,0.1636363636363636,0.940480764029604,0.6734848484848485,0.1083333333333333,0.7151515151515152,-0.013636363636363601,0.24780946969696968
194,xlmr-emotion-sr-adv-0.6.csv,xlmr,emotion,sr,id,0.6,0.7287878787878789,0.5628787878787879,0.16590909090909087,0.9317080748465024,0.6636363636363637,0.1007575757575757,0.7212121212121212,-0.0075757575757576,0.2662581818181818
195,xlmr-emotion-sr-adv-0.8.csv,xlmr,emotion,sr,id,0.8,0.7287878787878789,0.531060606060606,0.19772727272727272,0.9237139540414016,0.6598484848484849,0.12878787878787876,0.7287878787878789,3.353798720221827e-17,0.25042128787878787
196,xlmr-sentiment-codemixing-en-adv-0.2.csv,xlmr,sentiment,codemixing,en,0.2,0.9153333333333333,0.896,0.01933333333333333,0.9914186591704688,0.9473333333333332,0.05133333333333323,0.6766666666666666,-0.2386666666666667,0.2873687333333333
197,xlmr-sentiment-codemixing-en-adv-0.4.csv,xlmr,sentiment,codemixing,en,0.4,0.9153333333333333,0.894,0.021333333333333333,0.9859344536860783,0.9513333333333334,0.057333333333333236,0.6086666666666667,-0.3066666666666667,0.3105592666666667
198,xlmr-sentiment-codemixing-en-adv-0.6.csv,xlmr,sentiment,codemixing,en,0.6,0.9153333333333333,0.8953333333333333,0.02,0.9803152524232864,0.9460000000000001,0.05066666666666656,0.7313333333333333,-0.18400000000000002,0.3086619333333333
199,xlmr-sentiment-codemixing-en-adv-0.8.csv,xlmr,sentiment,codemixing,en,0.8,0.9153333333333333,0.894,0.021333333333333333,0.9726950490474701,0.9586666666666667,0.06466666666666655,0.7440000000000001,-0.17133333333333334,0.32008913333333333
200,xlmr-sentiment-codemixing-fr-adv-0.2.csv,xlmr,sentiment,codemixing,fr,0.2,0.9153333333333333,0.8813333333333334,0.034,0.9848374795913696,0.9359999999999999,0.054666666666666607,0.5893333333333334,-0.326,0.34842206666666664
201,xlmr-sentiment-codemixing-fr-adv-0.4.csv,xlmr,sentiment,codemixing,fr,0.4,0.9153333333333333,0.8773333333333334,0.038,0.9715314801534017,0.934,0.05666666666666664,0.6586666666666666,-0.25666666666666665,0.33220479999999997
202,xlmr-sentiment-codemixing-fr-adv-0.6.csv,xlmr,sentiment,codemixing,fr,0.6,0.9153333333333333,0.8733333333333334,0.042,0.9582263724803924,0.9420000000000001,0.0686666666666666,0.6386666666666667,-0.27666666666666667,0.3026278666666667
203,xlmr-sentiment-codemixing-fr-adv-0.8.csv,xlmr,sentiment,codemixing,fr,0.8,0.9153333333333333,0.8746666666666667,0.04066666666666666,0.9406535716056824,0.94,0.06533333333333326,0.608,-0.3073333333333333,0.31007066666666666
204,xlmr-sentiment-codemixing-it-adv-0.2.csv,xlmr,sentiment,codemixing,it,0.2,0.9153333333333333,0.8866666666666667,0.028666666666666663,0.9874773622949918,0.9393333333333332,0.052666666666666605,0.7406666666666667,-0.17466666666666666,0.3417516
205,xlmr-sentiment-codemixing-it-adv-0.4.csv,xlmr,sentiment,codemixing,it,0.4,0.9153333333333333,0.8833333333333333,0.032,0.9753368293245632,0.9393333333333332,0.05599999999999993,0.7106666666666667,-0.20466666666666664,0.32861286666666667
206,xlmr-sentiment-codemixing-it-adv-0.6.csv,xlmr,sentiment,codemixing,it,0.6,0.9153333333333333,0.8793333333333333,0.036,0.9629788801868756,0.94,0.06066666666666656,0.7153333333333333,-0.20000000000000004,0.32340466666666673
207,xlmr-sentiment-codemixing-it-adv-0.8.csv,xlmr,sentiment,codemixing,it,0.8,0.9153333333333333,0.8733333333333334,0.042,0.9478702390392622,0.9366666666666666,0.06333333333333326,0.7873333333333333,-0.128,0.29948753333333333
208,xlmr-sentiment-codemixing-jw-adv-0.2.csv,xlmr,sentiment,codemixing,jw,0.2,0.9153333333333333,0.8953333333333333,0.02,0.9913263161182403,0.948,0.05266666666666656,0.5613333333333334,-0.35400000000000004,0.29577213333333335
209,xlmr-sentiment-codemixing-jw-adv-0.4.csv,xlmr,sentiment,codemixing,jw,0.4,0.9153333333333333,0.8893333333333334,0.026,0.9849654955466587,0.9446666666666665,0.055333333333333234,0.6933333333333334,-0.22199999999999998,0.30803973333333334
210,xlmr-sentiment-codemixing-jw-adv-0.6.csv,xlmr,sentiment,codemixing,jw,0.6,0.9153333333333333,0.8873333333333333,0.027999999999999997,0.978046566049258,0.9386666666666666,0.051333333333333266,0.668,-0.24733333333333332,0.33769673333333333
211,xlmr-sentiment-codemixing-jw-adv-0.8.csv,xlmr,sentiment,codemixing,jw,0.8,0.9153333333333333,0.8793333333333333,0.036,0.9711788901487987,0.9400000000000001,0.06066666666666661,0.7653333333333333,-0.15,0.3100007333333334
212,xlmr-sentiment-codemixing-ms-adv-0.2.csv,xlmr,sentiment,codemixing,ms,0.2,0.9153333333333333,0.894,0.021333333333333333,0.993626419464747,0.9499999999999998,0.055999999999999904,0.5946666666666667,-0.32066666666666666,0.32000026666666664
213,xlmr-sentiment-codemixing-ms-adv-0.4.csv,xlmr,sentiment,codemixing,ms,0.4,0.9153333333333333,0.888,0.02733333333333333,0.9879591977596284,0.944,0.055999999999999904,0.766,-0.14933333333333335,0.2941744666666666
214,xlmr-sentiment-codemixing-ms-adv-0.6.csv,xlmr,sentiment,codemixing,ms,0.6,0.9153333333333333,0.888,0.027333333333333334,0.9824314566850663,0.9446666666666665,0.05666666666666661,0.6553333333333334,-0.26,0.3331321333333333
215,xlmr-sentiment-codemixing-ms-adv-0.8.csv,xlmr,sentiment,codemixing,ms,0.8,0.9153333333333333,0.884,0.03133333333333333,0.977477682073911,0.9486666666666667,0.06466666666666655,0.606,-0.3093333333333333,0.25182073333333327
216,xlmr-sentiment-codemixing-su-adv-0.2.csv,xlmr,sentiment,codemixing,su,0.2,0.9153333333333333,0.8953333333333333,0.02,0.992472457329432,0.9386666666666666,0.0433333333333333,0.6366666666666666,-0.2786666666666667,0.30013839999999997
217,xlmr-sentiment-codemixing-su-adv-0.4.csv,xlmr,sentiment,codemixing,su,0.4,0.9153333333333333,0.8906666666666667,0.024666666666666667,0.9844163297017415,0.9353333333333333,0.044666666666666605,0.8079999999999999,-0.10733333333333339,0.2852593333333333
218,xlmr-sentiment-codemixing-su-adv-0.6.csv,xlmr,sentiment,codemixing,su,0.6,0.9153333333333333,0.8886666666666666,0.02666666666666667,0.9755244073867798,0.9433333333333334,0.054666666666666607,0.618,-0.29733333333333334,0.33401606666666667
219,xlmr-sentiment-codemixing-su-adv-0.8.csv,xlmr,sentiment,codemixing,su,0.8,0.9153333333333333,0.8826666666666667,0.03266666666666667,0.9672639778852462,0.9346666666666668,0.05199999999999997,0.67,-0.2453333333333333,0.2714531333333333
220,xlmr-sentiment-sr-adv-0.2.csv,xlmr,sentiment,sr,id,0.2,0.9153333333333333,0.8746666666666667,0.04066666666666666,0.9834227467377982,0.9273333333333333,0.05266666666666667,0.7959999999999999,-0.11933333333333333,0.34522193333333334
221,xlmr-sentiment-sr-adv-0.4.csv,xlmr,sentiment,sr,id,0.4,0.9153333333333333,0.8573333333333334,0.057999999999999996,0.9688392326037089,0.9273333333333333,0.06999999999999997,0.6393333333333333,-0.27599999999999997,0.3486603333333333
222,xlmr-sentiment-sr-adv-0.6.csv,xlmr,sentiment,sr,id,0.6,0.9153333333333333,0.8466666666666667,0.06866666666666667,0.9546245252291362,0.9093333333333334,0.06266666666666666,0.668,-0.24733333333333332,0.29243753333333333
223,xlmr-sentiment-sr-adv-0.8.csv,xlmr,sentiment,sr,id,0.8,0.9153333333333333,0.8313333333333334,0.084,0.940014088431994,0.8973333333333334,0.06599999999999996,0.7066666666666667,-0.20866666666666667,0.3023006
224,xlmrlarge-emotion-codemixing-en-adv-0.2.csv,xlmrlarge,emotion,codemixing,en,0.2,0.7825757575757576,0.6590909090909092,0.12348484848484848,0.9481954344294287,0.7083333333333334,0.0492424242424242,0.7803030303030303,-0.0022727272727272665,0.8806710606060606
225,xlmrlarge-emotion-codemixing-en-adv-0.4.csv,xlmrlarge,emotion,codemixing,en,0.4,0.7825757575757576,0.6575757575757576,0.125,0.9403053951985907,0.7136363636363635,0.05606060606060597,0.775,-0.0075757575757575335,0.5368311363636363
226,xlmrlarge-emotion-codemixing-en-adv-0.6.csv,xlmrlarge,emotion,codemixing,en,0.6,0.7825757575757576,0.662878787878788,0.11969696969696968,0.9326150667486769,0.7174242424242424,0.05454545454545447,0.7742424242424243,-0.0083333333333333,0.4977423484848485
227,xlmrlarge-emotion-codemixing-en-adv-0.8.csv,xlmrlarge,emotion,codemixing,en,0.8,0.7825757575757576,0.6651515151515152,0.11742424242424236,0.9261019437602073,0.7136363636363635,0.0484848484848484,0.7621212121212121,-0.020454545454545434,0.4921549999999999
228,xlmrlarge-emotion-codemixing-fr-adv-0.2.csv,xlmrlarge,emotion,codemixing,fr,0.2,0.7825757575757576,0.6454545454545454,0.13712121212121206,0.9450902783057907,0.7106060606060606,0.06515151515151513,0.7765151515151514,-0.0060606060606061,0.8857078787878788
229,xlmrlarge-emotion-codemixing-fr-adv-0.4.csv,xlmrlarge,emotion,codemixing,fr,0.4,0.7825757575757576,0.6484848484848484,0.13409090909090904,0.9335543155444391,0.7053030303030302,0.0568181818181818,0.7757575757575758,-0.0068181818181818,0.542370606060606
230,xlmrlarge-emotion-codemixing-fr-adv-0.6.csv,xlmrlarge,emotion,codemixing,fr,0.6,0.7825757575757576,0.6416666666666667,0.1409090909090909,0.9216236392431186,0.7030303030303031,0.06136363636363636,0.7689393939393939,-0.0136363636363636,0.5202526515151517
231,xlmrlarge-emotion-codemixing-fr-adv-0.8.csv,xlmrlarge,emotion,codemixing,fr,0.8,0.7825757575757576,0.6431818181818182,0.13939393939393938,0.9104001024004185,0.7159090909090909,0.07272727272727271,0.7621212121212122,-0.0204545454545454,0.539694393939394
232,xlmrlarge-emotion-codemixing-it-adv-0.2.csv,xlmrlarge,emotion,codemixing,it,0.2,0.7825757575757576,0.6462121212121212,0.13636363636363635,0.944481557268988,0.7083333333333334,0.06212121212121207,0.7742424242424243,-0.008333333333333299,0.8764700757575757
233,xlmrlarge-emotion-codemixing-it-adv-0.4.csv,xlmrlarge,emotion,codemixing,it,0.4,0.7825757575757576,0.6424242424242425,0.1401515151515151,0.9332722974658916,0.7075757575757576,0.06515151515151503,0.7704545454545455,-0.012121212121212066,0.5784145454545455
234,xlmrlarge-emotion-codemixing-it-adv-0.6.csv,xlmrlarge,emotion,codemixing,it,0.6,0.7825757575757576,0.6492424242424243,0.13333333333333328,0.9211866240609776,0.7113636363636363,0.062121212121212,0.7613636363636364,-0.02121212121212113,0.5427370454545454
235,xlmrlarge-emotion-codemixing-it-adv-0.8.csv,xlmrlarge,emotion,codemixing,it,0.8,0.7825757575757576,0.653030303030303,0.1295454545454545,0.9105427731957398,0.7106060606060606,0.05757575757575754,0.7696969696969697,-0.012878787878787835,0.5708604545454544
236,xlmrlarge-emotion-codemixing-jw-adv-0.2.csv,xlmrlarge,emotion,codemixing,jw,0.2,0.7825757575757576,0.6560606060606061,0.1265151515151515,0.9496857993530505,0.7128787878787879,0.05681818181818177,0.7689393939393939,-0.013636363636363601,0.8838048484848485
237,xlmrlarge-emotion-codemixing-jw-adv-0.4.csv,xlmrlarge,emotion,codemixing,jw,0.4,0.7825757575757576,0.6553030303030303,0.12727272727272723,0.9437459948726676,0.7196969696969697,0.06439393939393936,0.7727272727272728,-0.009848484848484834,0.5525962121212121
238,xlmrlarge-emotion-codemixing-jw-adv-0.6.csv,xlmrlarge,emotion,codemixing,jw,0.6,0.7825757575757576,0.6545454545454544,0.128030303030303,0.9376443962820552,0.706060606060606,0.05151515151515144,0.7681818181818182,-0.014393939393939398,0.5485881818181818
239,xlmrlarge-emotion-codemixing-jw-adv-0.8.csv,xlmrlarge,emotion,codemixing,jw,0.8,0.7825757575757576,0.653030303030303,0.12954545454545455,0.9328141189547199,0.7053030303030304,0.05227272727272723,0.7795454545454547,-0.003030303030303,0.5262979545454546
240,xlmrlarge-emotion-codemixing-ms-adv-0.2.csv,xlmrlarge,emotion,codemixing,ms,0.2,0.7825757575757576,0.6590909090909091,0.12348484848484852,0.9524904984416382,0.7113636363636363,0.05227272727272724,0.771969696969697,-0.010606060606060569,0.8873805303030302
241,xlmrlarge-emotion-codemixing-ms-adv-0.4.csv,xlmrlarge,emotion,codemixing,ms,0.4,0.7825757575757576,0.6575757575757576,0.12499999999999999,0.9502494627666294,0.709090909090909,0.051515151515151465,0.7803030303030303,-0.0022727272727272665,0.5770397727272727
242,xlmrlarge-emotion-codemixing-ms-adv-0.6.csv,xlmrlarge,emotion,codemixing,ms,0.6,0.7825757575757576,0.6553030303030303,0.1272727272727273,0.9475936744136342,0.7068181818181817,0.0515151515151514,0.7689393939393939,-0.013636363636363634,0.5757593181818182
243,xlmrlarge-emotion-codemixing-ms-adv-0.8.csv,xlmrlarge,emotion,codemixing,ms,0.8,0.7825757575757576,0.653030303030303,0.12954545454545452,0.9457196382184825,0.7098484848484848,0.05681818181818177,0.7681818181818182,-0.014393939393939367,0.5868154545454546
244,xlmrlarge-emotion-codemixing-su-adv-0.2.csv,xlmrlarge,emotion,codemixing,su,0.2,0.7825757575757576,0.6484848484848486,0.13409090909090907,0.9503163576126098,0.7083333333333334,0.05984848484848476,0.7742424242424243,-0.0083333333333333,0.8901858333333333
245,xlmrlarge-emotion-codemixing-su-adv-0.4.csv,xlmrlarge,emotion,codemixing,su,0.4,0.7825757575757576,0.6477272727272727,0.13484848484848488,0.9457314982107192,0.7098484848484848,0.06212121212121213,0.7742424242424241,-0.008333333333333333,0.593063712121212
246,xlmrlarge-emotion-codemixing-su-adv-0.6.csv,xlmrlarge,emotion,codemixing,su,0.6,0.7825757575757576,0.6454545454545454,0.13712121212121212,0.9414243108395374,0.712121212121212,0.06666666666666667,0.7628787878787878,-0.0196969696969697,0.556148106060606
247,xlmrlarge-emotion-codemixing-su-adv-0.8.csv,xlmrlarge,emotion,codemixing,su,0.8,0.7825757575757576,0.6424242424242423,0.14015151515151517,0.9377136738011332,0.706060606060606,0.06363636363636367,0.7712121212121211,-0.011363636363636334,0.5678999242424242
248,xlmrlarge-emotion-sr-adv-0.2.csv,xlmrlarge,emotion,sr,id,0.2,0.7825757575757576,0.6234848484848485,0.15909090909090906,0.9466961599886417,0.693939393939394,0.0704545454545454,0.7795454545454547,-0.0030303030303029995,0.8442821212121213
249,xlmrlarge-emotion-sr-adv-0.4.csv,xlmrlarge,emotion,sr,id,0.4,0.7825757575757576,0.6045454545454545,0.17803030303030307,0.9375442965915709,0.6765151515151514,0.07196969696969686,0.7712121212121211,-0.011363636363636367,0.48584196969696974
250,xlmrlarge-emotion-sr-adv-0.6.csv,xlmrlarge,emotion,sr,id,0.6,0.7825757575757576,0.5856060606060606,0.19696969696969693,0.9286477506273623,0.6568181818181817,0.07121212121212113,0.7704545454545455,-0.0121212121212121,0.4740425
251,xlmrlarge-emotion-sr-adv-0.8.csv,xlmrlarge,emotion,sr,id,0.8,0.7825757575757576,0.5681818181818182,0.21439393939393936,0.9203459783711216,0.6522727272727273,0.08409090909090904,0.7636363636363637,-0.018939393939393902,0.4570099242424243
252,xlmrlarge-sentiment-codemixing-en-adv-0.2.csv,xlmrlarge,sentiment,codemixing,en,0.2,0.9406666666666667,0.918,0.022666666666666602,0.9919485712448756,0.9659999999999999,0.0479999999999999,0.9093333333333334,-0.0313333333333333,0.5875761333333333
253,xlmrlarge-sentiment-codemixing-en-adv-0.4.csv,xlmrlarge,sentiment,codemixing,en,0.4,0.9406666666666667,0.9186666666666667,0.021999999999999936,0.9853423969745636,0.9606666666666666,0.0419999999999999,0.8966666666666666,-0.04399999999999999,0.6497646666666667
254,xlmrlarge-sentiment-codemixing-en-adv-0.6.csv,xlmrlarge,sentiment,codemixing,en,0.6,0.9406666666666667,0.92,0.0206666666666666,0.9791898732980092,0.9633333333333333,0.04333333333333323,0.8913333333333334,-0.049333333333333264,0.6580513333333333
255,xlmrlarge-sentiment-codemixing-en-adv-0.8.csv,xlmrlarge,sentiment,codemixing,en,0.8,0.9406666666666667,0.92,0.0206666666666666,0.9724170030752818,0.9606666666666666,0.040666666666666566,0.9033333333333333,-0.037333333333333336,0.6709602
256,xlmrlarge-sentiment-codemixing-fr-adv-0.2.csv,xlmrlarge,sentiment,codemixing,fr,0.2,0.9406666666666667,0.9113333333333333,0.029333333333333267,0.9846250094970067,0.9546666666666667,0.04333333333333323,0.7806666666666667,-0.15999999999999995,0.6293558666666667
257,xlmrlarge-sentiment-codemixing-fr-adv-0.4.csv,xlmrlarge,sentiment,codemixing,fr,0.4,0.9406666666666667,0.9073333333333333,0.033333333333333263,0.9696211736996968,0.9586666666666667,0.05133333333333323,0.8973333333333334,-0.04333333333333337,0.6725631333333334
258,xlmrlarge-sentiment-codemixing-fr-adv-0.6.csv,xlmrlarge,sentiment,codemixing,fr,0.6,0.9406666666666667,0.906,0.0346666666666666,0.9539433213075004,0.956,0.049999999999999906,0.8033333333333332,-0.13733333333333334,0.6697846000000002
259,xlmrlarge-sentiment-codemixing-fr-adv-0.8.csv,xlmrlarge,sentiment,codemixing,fr,0.8,0.9406666666666667,0.898,0.042666666666666596,0.9361955698927243,0.952,0.0539999999999999,0.7726666666666665,-0.16799999999999995,0.6350800666666667
260,xlmrlarge-sentiment-codemixing-it-adv-0.2.csv,xlmrlarge,sentiment,codemixing,it,0.2,0.9406666666666667,0.9093333333333334,0.03133333333333326,0.986877879023552,0.9546666666666667,0.04533333333333323,0.9106666666666667,-0.02999999999999996,0.6686212
261,xlmrlarge-sentiment-codemixing-it-adv-0.4.csv,xlmrlarge,sentiment,codemixing,it,0.4,0.9406666666666667,0.9106666666666667,0.029999999999999933,0.9743492340246837,0.9553333333333333,0.04466666666666657,0.6946666666666667,-0.2459999999999999,0.6757228666666667
262,xlmrlarge-sentiment-codemixing-it-adv-0.6.csv,xlmrlarge,sentiment,codemixing,it,0.6,0.9406666666666667,0.9066666666666667,0.033999999999999926,0.9600109079678852,0.9553333333333333,0.04866666666666656,0.888,-0.05266666666666664,0.6408077333333334
263,xlmrlarge-sentiment-codemixing-it-adv-0.8.csv,xlmrlarge,sentiment,codemixing,it,0.8,0.9406666666666667,0.904,0.0366666666666666,0.9465837423404059,0.9566666666666667,0.05266666666666656,0.8473333333333334,-0.09333333333333327,0.6561653999999999
264,xlmrlarge-sentiment-codemixing-jw-adv-0.2.csv,xlmrlarge,sentiment,codemixing,jw,0.2,0.9406666666666667,0.914,0.0266666666666666,0.9919278450012207,0.96,0.0459999999999999,0.8906666666666667,-0.049999999999999906,0.6090391333333334
265,xlmrlarge-sentiment-codemixing-jw-adv-0.4.csv,xlmrlarge,sentiment,codemixing,jw,0.4,0.9406666666666667,0.9113333333333333,0.029333333333333267,0.9853186861673991,0.9613333333333333,0.0499999999999999,0.8786666666666667,-0.061999999999999965,0.6609481333333335
266,xlmrlarge-sentiment-codemixing-jw-adv-0.6.csv,xlmrlarge,sentiment,codemixing,jw,0.6,0.9406666666666667,0.91,0.030666666666666603,0.9781005398829778,0.9579999999999999,0.047999999999999904,0.7866666666666666,-0.15399999999999997,0.6574358666666666
267,xlmrlarge-sentiment-codemixing-jw-adv-0.8.csv,xlmrlarge,sentiment,codemixing,jw,0.8,0.9406666666666667,0.902,0.0386666666666666,0.9715319375991821,0.9573333333333333,0.055333333333333234,0.816,-0.12466666666666663,0.7107384666666666
268,xlmrlarge-sentiment-codemixing-ms-adv-0.2.csv,xlmrlarge,sentiment,codemixing,ms,0.2,0.9406666666666667,0.9166666666666666,0.023999999999999935,0.9932956001361211,0.9593333333333334,0.04266666666666657,0.8826666666666667,-0.05799999999999996,0.6696883333333332
269,xlmrlarge-sentiment-codemixing-ms-adv-0.4.csv,xlmrlarge,sentiment,codemixing,ms,0.4,0.9406666666666667,0.916,0.0246666666666666,0.9878484809796015,0.9566666666666667,0.040666666666666566,0.9053333333333332,-0.0353333333333333,0.6352799333333333
270,xlmrlarge-sentiment-codemixing-ms-adv-0.6.csv,xlmrlarge,sentiment,codemixing,ms,0.6,0.9406666666666667,0.914,0.0266666666666666,0.9817003698348999,0.9593333333333334,0.04533333333333323,0.882,-0.05866666666666664,0.6416052666666666
271,xlmrlarge-sentiment-codemixing-ms-adv-0.8.csv,xlmrlarge,sentiment,codemixing,ms,0.8,0.9406666666666667,0.912,0.0286666666666666,0.9774419918060303,0.9586666666666667,0.04666666666666657,0.8766666666666666,-0.06399999999999996,0.6854545333333334
272,xlmrlarge-sentiment-codemixing-su-adv-0.2.csv,xlmrlarge,sentiment,codemixing,su,0.2,0.9406666666666667,0.9126666666666666,0.02799999999999993,0.9911904922326406,0.9586666666666667,0.0459999999999999,0.848,-0.0926666666666666,0.6690839333333334
273,xlmrlarge-sentiment-codemixing-su-adv-0.4.csv,xlmrlarge,sentiment,codemixing,su,0.4,0.9406666666666667,0.9086666666666666,0.03199999999999994,0.9830144911209743,0.956,0.047333333333333234,0.9419999999999998,0.0013333333333333333,0.6551106
274,xlmrlarge-sentiment-codemixing-su-adv-0.6.csv,xlmrlarge,sentiment,codemixing,su,0.6,0.9406666666666667,0.9066666666666667,0.033999999999999926,0.973652983546257,0.9540000000000001,0.047333333333333234,0.868,-0.07266666666666663,0.6489995999999999
275,xlmrlarge-sentiment-codemixing-su-adv-0.8.csv,xlmrlarge,sentiment,codemixing,su,0.8,0.9406666666666667,0.902,0.0386666666666666,0.9661590166489282,0.9526666666666666,0.05066666666666656,0.892,-0.048666666666666636,0.696254
276,xlmrlarge-sentiment-sr-adv-0.2.csv,xlmrlarge,sentiment,sr,id,0.2,0.9406666666666667,0.8906666666666667,0.04999999999999993,0.9836271244684855,0.9433333333333334,0.052666666666666605,0.8566666666666668,-0.08399999999999996,0.6145432666666667
277,xlmrlarge-sentiment-sr-adv-0.4.csv,xlmrlarge,sentiment,sr,id,0.4,0.9406666666666667,0.8806666666666666,0.059999999999999935,0.9671154990990957,0.9366666666666666,0.05599999999999993,0.7953333333333332,-0.1453333333333333,0.6180803333333333
278,xlmrlarge-sentiment-sr-adv-0.6.csv,xlmrlarge,sentiment,sr,id,0.6,0.9406666666666667,0.8606666666666666,0.07999999999999993,0.9533435205221177,0.924,0.06333333333333334,0.8733333333333334,-0.0673333333333333,0.6184151333333333
279,xlmrlarge-sentiment-sr-adv-0.8.csv,xlmrlarge,sentiment,sr,id,0.8,0.9406666666666667,0.8386666666666667,0.10199999999999992,0.9358577495813369,0.9073333333333333,0.06866666666666664,0.8786666666666667,-0.062,0.6334473333333334
